imu0_acc_x,imu0_acc_y,imu0_acc_z,imu0_gyro_x,imu0_gyro_y,imu0_gyro_z,imu0_roll,imu0_pitch,imu0_yaw,imu0_timestamp,imu1_acc_x,imu1_acc_y,imu1_acc_z,imu1_gyro_x,imu1_gyro_y,imu1_gyro_z,imu1_roll,imu1_pitch,imu1_yaw,imu1_timestamp,dorsiflexion_angle
679.69,-290.04,807.62,-7.93,24.21,11.16,0.0,0.0,0.0,2025-03-12T10:20:54.257831,915.04,-91.55,-277.34,10.43,58.41,7.26,,,,2025-03-12T10:20:54.257831,-3.8673252013312736
578.37,-206.54,612.06,-0.98,-2.26,12.62,0.0,0.0,0.0,2025-03-12T10:20:54.274125,921.88,-68.36,-194.58,15.55,38.6,9.7,0.0,0.0,0.0,2025-03-12T10:20:54.274125,-4.193398617755588
583.5,-233.15,737.55,-10.79,-19.82,21.83,0.0,0.0,0.0,2025-03-12T10:20:54.351293,957.52,-127.44,-250.98,30.43,27.99,10.67,0.0,0.0,0.0,2025-03-12T10:20:54.351293,-4.244418691278613
637.7,-50.05,640.14,-5.24,-0.49,7.87,-84.64,-55.72,-62.79,2025-03-12T10:20:54.355789,858.4,8.54,-191.16,6.16,11.71,14.33,0.0,0.0,0.0,2025-03-12T10:20:54.355789,-4.333499967031993
577.88,-105.22,470.95,-13.84,-10.61,-11.1,,,,2025-03-12T10:20:54.386720,931.64,61.28,-189.94,5.12,-0.18,22.01,0.0,0.0,0.0,2025-03-12T10:20:54.386720,-4.211046498191647
878.66,-223.88,616.94,-35.3,-54.27,-6.59,,,,2025-03-12T10:20:54.456619,768.07,-18.07,-244.14,8.23,-26.77,15.79,-168.83,58.94,-124.62,2025-03-12T10:20:54.456619,-3.4008647910706538
793.46,-43.7,1122.31,57.07,-35.0,-14.39,0.0,0.0,0.0,2025-03-12T10:20:54.459330,1052.73,-211.67,-73.49,42.38,-70.43,17.38,0.0,0.0,0.0,2025-03-12T10:20:54.459330,-2.3639833706078495
851.56,-297.12,866.7,42.26,2.87,-12.13,,,,2025-03-12T10:20:54.496526,1546.63,-235.84,-273.93,44.63,-73.84,30.73,0.0,0.0,0.0,2025-03-12T10:20:54.496526,-1.6910038496906798
490.72,-342.77,854.25,-1.65,6.28,7.32,0.0,0.0,0.0,2025-03-12T10:20:54.563694,535.64,-313.23,-278.32,-17.13,-56.28,9.63,0.0,0.0,0.0,2025-03-12T10:20:54.563694,-1.2541911944492545
386.96,-274.41,894.04,3.23,13.29,-3.6,,,,2025-03-12T10:20:54.571187,1118.9,-26.37,-176.51,24.88,-47.26,22.26,,,,2025-03-12T10:20:54.571187,-0.9936307969177625
369.38,-226.81,903.56,2.26,5.98,-2.5,,,,2025-03-12T10:20:54.605290,900.88,-137.94,-197.27,-15.79,-23.78,20.06,0.0,0.0,0.0,2025-03-12T10:20:54.605290,-0.9133526472517923
376.71,-262.21,902.83,-4.7,1.52,-0.91,-75.68,56.55,66.75,2025-03-12T10:20:54.664244,1011.47,-195.31,-244.63,-3.05,-21.52,14.45,,,,2025-03-12T10:20:54.664244,-0.8353004789196126
355.47,-260.01,904.05,-4.57,3.9,-4.45,0.0,0.0,0.0,2025-03-12T10:20:54.676428,941.65,-196.04,-97.17,-31.59,-14.21,14.21,,,,2025-03-12T10:20:54.676428,-0.8679921167718634
328.12,-304.69,882.57,0.18,5.91,-5.85,0.0,0.0,0.0,2025-03-12T10:20:54.714403,992.19,-292.72,-78.37,-17.07,-20.73,9.33,0.0,0.0,0.0,2025-03-12T10:20:54.714403,-0.8569350051284594
345.7,-246.58,909.67,-2.93,2.13,-2.8,0.0,0.0,0.0,2025-03-12T10:20:54.767088,991.94,-296.63,-113.53,-12.2,-32.44,5.3,0.0,0.0,0.0,2025-03-12T10:20:54.767088,-0.6852637112279618
345.7,-279.79,896.24,-2.13,1.16,-5.18,0.0,0.0,0.0,2025-03-12T10:20:54.794326,957.03,-145.75,-187.5,-1.65,-33.84,3.72,,,,2025-03-12T10:20:54.794326,-0.4745388748882373
333.25,-260.5,921.14,-4.88,-4.88,-5.85,,,,2025-03-12T10:20:54.824343,1042.72,-184.33,-145.02,-17.99,-36.28,2.32,0.0,0.0,0.0,2025-03-12T10:20:54.824343,-0.1575335227252861
368.9,-259.52,930.42,-9.27,-16.52,-8.29,0.0,0.0,0.0,2025-03-12T10:20:54.866658,1031.74,-189.7,-320.31,-13.48,-41.52,0.0,0.0,0.0,0.0,2025-03-12T10:20:54.866658,0.3455189148595421
356.2,-275.15,942.38,-16.4,-42.5,-7.74,,,,2025-03-12T10:20:54.900797,1063.96,-132.81,-248.54,-24.57,-43.23,-0.18,0.0,0.0,0.0,2025-03-12T10:20:54.900797,1.1401930696631926
399.66,-268.31,919.19,-22.5,-61.1,-11.4,0.0,0.0,0.0,2025-03-12T10:20:54.969098,1059.33,-155.76,-421.63,-21.16,-37.5,-4.09,0.0,0.0,0.0,2025-03-12T10:20:54.969098,2.080445367604833
389.16,-276.37,863.28,-18.6,-76.46,-3.05,0.0,0.0,0.0,2025-03-12T10:20:54.980438,949.71,-141.85,-328.37,-10.67,-34.09,-11.71,0.0,0.0,0.0,2025-03-12T10:20:54.980438,3.1608563987690648
505.37,-258.3,789.31,-17.07,-83.84,6.46,0.0,0.0,0.0,2025-03-12T10:20:55.019660,721.92,-67.38,-433.11,9.7,-31.65,-18.78,0.0,0.0,0.0,2025-03-12T10:20:55.019660,4.313196514576037
673.34,-222.41,690.67,-19.88,-41.71,27.44,0.0,0.0,0.0,2025-03-12T10:20:55.074447,455.57,17.82,-279.05,-46.95,-30.79,-20.3,,,,2025-03-12T10:20:55.074447,5.055980357254991
493.16,-607.91,802.73,0.37,-33.41,-1.95,,,,2025-03-12T10:20:55.091691,1421.88,-533.94,-4.15,-58.05,-70.24,-13.78,-35.96,-26.08,113.69,2025-03-12T10:20:55.091691,6.135582631166238
441.65,-559.33,888.92,159.45,59.82,-91.46,,,,2025-03-12T10:20:55.128362,1199.95,-389.89,-143.55,-21.77,-65.73,-11.22,0.0,0.0,0.0,2025-03-12T10:20:55.128362,6.257902234413937
447.51,-621.58,975.83,8.41,-31.46,-101.28,-62.34,-25.98,-20.97,2025-03-12T10:20:55.173491,1161.87,18.8,-273.93,-33.48,-65.85,10.0,,,,2025-03-12T10:20:55.173491,7.2922823626748166
147.46,-784.42,1348.14,31.65,11.22,-51.46,0.0,0.0,0.0,2025-03-12T10:20:55.204616,1059.33,-184.57,-252.69,-64.94,-47.44,12.99,0.0,0.0,0.0,2025-03-12T10:20:55.204616,7.732162523275802
-168.21,-113.53,983.89,9.7,22.93,-32.32,,,,2025-03-12T10:20:55.281608,832.28,30.76,-309.57,5.3,-2.2,6.77,82.01,41.83,85.7,2025-03-12T10:20:55.281608,7.610353313593263
8.79,-137.94,943.6,11.89,55.79,-23.6,0.0,0.0,0.0,2025-03-12T10:20:55.282503,829.83,161.62,-250.73,-26.77,54.45,2.93,,,,2025-03-12T10:20:55.282503,6.5856901205285325
221.68,-244.14,950.44,2.26,63.23,-1.71,0.0,0.0,0.0,2025-03-12T10:20:55.311052,913.33,-20.51,-235.11,8.05,63.72,-5.18,0.0,0.0,0.0,2025-03-12T10:20:55.311052,5.362898891480083
317.63,-314.45,903.56,4.45,57.62,27.56,0.0,0.0,0.0,2025-03-12T10:20:55.383823,1041.5,-56.64,-289.31,44.82,63.29,-11.46,,,,2025-03-12T10:20:55.383823,4.203724495933514
388.67,-231.2,1011.23,6.89,47.13,47.38,,,,2025-03-12T10:20:55.384579,1028.81,-19.78,-329.1,47.8,67.99,-16.28,0.0,0.0,0.0,2025-03-12T10:20:55.384579,3.1031930940732337
400.39,-209.72,986.08,5.06,49.21,38.54,-19.15,-63.86,33.52,2025-03-12T10:20:55.424353,1027.83,24.41,-313.72,26.22,69.76,-14.27,0.0,0.0,0.0,2025-03-12T10:20:55.424353,1.9549769024917607
432.37,-256.35,988.77,4.21,48.54,39.94,0.0,0.0,0.0,2025-03-12T10:20:55.484298,1025.63,-66.65,-292.24,18.41,70.91,-11.16,0.0,0.0,0.0,2025-03-12T10:20:55.484298,0.8008768423442234
301.51,-153.08,888.92,8.84,35.98,34.27,0.0,0.0,0.0,2025-03-12T10:20:55.500608,1028.81,50.78,-307.13,27.2,72.07,-15.49,0.0,0.0,0.0,2025-03-12T10:20:55.500608,-0.24492318801262325
432.62,-309.08,1051.03,0.06,31.71,32.56,0.0,0.0,0.0,2025-03-12T10:20:55.580370,968.75,-31.98,-320.07,9.02,87.13,-8.66,0.0,0.0,0.0,2025-03-12T10:20:55.580370,-1.4042539019521278
418.46,-170.65,851.56,-0.85,47.44,37.68,0.0,0.0,0.0,2025-03-12T10:20:55.583404,999.02,-1.46,-319.82,26.22,86.28,-8.41,0.0,0.0,0.0,2025-03-12T10:20:55.583404,-2.717258453340243
612.3,-149.66,892.33,-6.52,26.1,15.85,0.0,0.0,0.0,2025-03-12T10:20:55.616626,934.08,-23.44,-306.4,9.82,88.11,-0.98,0.0,0.0,0.0,2025-03-12T10:20:55.616626,-3.850581328652569
707.76,-221.92,936.28,-18.11,37.5,12.5,-52.03,49.13,-96.98,2025-03-12T10:20:55.689628,963.38,-40.77,-286.62,5.73,77.01,3.29,0.0,0.0,0.0,2025-03-12T10:20:55.689628,-5.000410831378045
672.85,-164.79,763.92,-8.66,24.45,-4.51,0.0,0.0,0.0,2025-03-12T10:20:55.692520,934.57,-46.63,-245.61,-3.96,62.68,3.6,0.0,0.0,0.0,2025-03-12T10:20:55.692520,-5.894121158842099
674.32,-199.95,761.72,-12.32,17.62,-16.04,,,,2025-03-12T10:20:55.729158,932.62,-71.04,-252.69,-7.5,47.87,11.77,0.0,0.0,0.0,2025-03-12T10:20:55.729158,-6.587988851040064
704.59,-180.18,748.78,-22.74,20.98,-5.55,0.0,0.0,0.0,2025-03-12T10:20:55.795044,911.13,-105.47,-221.19,-13.11,25.18,12.93,0.0,0.0,0.0,2025-03-12T10:20:55.795044,-7.096522843263096
715.82,-78.12,604.98,2.5,0.73,-29.94,0.0,0.0,0.0,2025-03-12T10:20:55.808102,864.01,-83.98,-171.39,-4.76,2.93,15.49,0.0,0.0,0.0,2025-03-12T10:20:55.808102,-7.194011327739047
776.37,-132.32,579.59,-2.68,-23.78,-21.71,0.0,0.0,0.0,2025-03-12T10:20:55.844527,794.19,-36.87,-229.49,2.87,-26.1,14.02,0.0,0.0,0.0,2025-03-12T10:20:55.844527,-6.76950343384167
755.62,74.22,210.21,-23.48,-92.38,-7.56,,,,2025-03-12T10:20:55.891350,901.86,-53.71,-262.94,23.29,-55.67,15.79,,,,2025-03-12T10:20:55.891350,-5.3709394813567455
146.97,-612.79,1916.02,12.93,-38.84,4.51,0.0,0.0,0.0,2025-03-12T10:20:55.915900,1540.53,-7.57,135.99,-27.44,-49.7,29.27,0.0,0.0,0.0,2025-03-12T10:20:55.915900,-4.569968097840525
414.55,-131.35,985.35,-3.23,0.18,12.5,0.0,0.0,0.0,2025-03-12T10:20:56.007207,1007.81,-51.76,-212.89,54.63,-74.51,-0.61,0.0,0.0,0.0,2025-03-12T10:20:56.007207,-3.908927135252167
403.56,-239.5,912.84,-12.13,1.22,8.9,0.0,0.0,0.0,2025-03-12T10:20:56.007393,921.88,-262.21,-210.45,-13.41,-33.6,14.39,0.0,0.0,0.0,2025-03-12T10:20:56.007393,-3.659244881385453
381.84,-275.39,900.39,-7.8,0.61,3.9,0.0,0.0,0.0,2025-03-12T10:20:56.031208,955.32,-140.62,-234.86,-4.94,-26.95,12.56,0.0,0.0,0.0,2025-03-12T10:20:56.031208,-3.4560079244120345
382.57,-264.16,907.71,-10.91,-6.1,3.72,,,,2025-03-12T10:20:56.109443,1050.29,-219.24,-111.33,-20.98,-15.98,8.17,0.0,0.0,0.0,2025-03-12T10:20:56.109443,-3.2839299315029757
381.35,-312.01,867.68,-9.09,-1.83,0.0,0.0,0.0,0.0,2025-03-12T10:20:56.111043,935.3,-168.95,16.36,-20.12,-22.99,4.63,0.0,0.0,0.0,2025-03-12T10:20:56.111043,-3.074294572200137
361.57,-313.96,878.17,-6.65,0.73,-5.06,0.0,0.0,0.0,2025-03-12T10:20:56.142319,972.41,-253.17,-71.29,-7.8,-28.6,2.44,76.32,32.72,8.77,2025-03-12T10:20:56.142319,-2.8749567167422567
346.19,-321.04,881.35,-0.98,-0.06,-4.02,0.0,0.0,0.0,2025-03-12T10:20:56.223904,951.9,-113.28,-45.65,-13.72,-39.76,-2.01,0.0,0.0,0.0,2025-03-12T10:20:56.223904,-2.5469770810245587
358.15,-304.69,908.2,-2.01,-5.79,-7.56,,,,2025-03-12T10:20:56.224640,1066.41,-221.44,-81.3,-21.95,-46.83,-1.4,0.0,0.0,0.0,2025-03-12T10:20:56.224640,-2.0775710823255293
389.89,-360.6,911.87,-6.77,-16.22,-7.5,0.0,0.0,0.0,2025-03-12T10:20:56.256516,1077.64,-116.46,-168.95,-15.18,-59.94,-3.11,0.0,0.0,0.0,2025-03-12T10:20:56.256516,-1.35755630157706
374.51,-271.48,953.12,-21.1,-51.89,-9.7,0.0,0.0,0.0,2025-03-12T10:20:56.311632,1152.59,-17.58,-445.31,-17.32,-53.05,-5.0,0.0,0.0,0.0,2025-03-12T10:20:56.311632,-0.33287161216919525
419.92,-257.32,935.06,-34.88,-81.89,-6.22,0.0,0.0,0.0,2025-03-12T10:20:56.337244,1042.24,-10.25,-285.16,-39.57,-51.04,-3.96,0.0,0.0,0.0,2025-03-12T10:20:56.337244,0.9937208752962032
479.0,-333.01,788.57,-29.39,-95.73,1.16,0.0,0.0,0.0,2025-03-12T10:20:56.406922,919.19,-116.21,-357.18,-11.83,-38.29,-12.68,0.0,0.0,0.0,2025-03-12T10:20:56.406922,2.3585908821981416
605.47,-281.98,721.92,-28.41,-94.15,9.94,0.0,0.0,0.0,2025-03-12T10:20:56.424136,691.65,67.14,-362.55,-17.32,-32.38,-12.74,12.56,42.98,-7.67,2025-03-12T10:20:56.424136,3.66663793222075
695.8,-300.05,624.51,-32.62,-56.89,40.67,0.0,0.0,0.0,2025-03-12T10:20:56.449475,410.16,-238.77,-10.01,-35.3,-70.0,-20.67,,,,2025-03-12T10:20:56.449475,4.992022065883586
423.34,-917.24,845.7,-6.04,-53.66,23.17,0.0,0.0,0.0,2025-03-12T10:20:56.533652,2187.01,-573.24,-194.58,-12.99,-103.48,-31.04,0.0,0.0,0.0,2025-03-12T10:20:56.533652,6.63897067716527
194.58,-863.04,1033.69,8.23,-17.5,-104.63,0.0,0.0,0.0,2025-03-12T10:20:56.534385,1075.93,-9.52,-379.39,21.34,-87.44,-10.18,0.0,0.0,0.0,2025-03-12T10:20:56.534385,7.7891196651524375
-204.35,-360.35,842.53,90.73,36.28,-133.35,-78.52,47.32,53.79,2025-03-12T10:20:56.715128,1088.87,-34.18,-385.74,-46.83,-61.4,13.66,0.0,0.0,0.0,2025-03-12T10:20:56.715128,8.128079717441263
-233.15,-358.64,827.64,66.28,18.72,-77.93,77.39,61.7,59.74,2025-03-12T10:20:56.716013,904.79,48.1,-366.21,-9.57,-5.98,0.06,0.0,0.0,0.0,2025-03-12T10:20:56.716013,8.076558976102348
88.13,-58.11,924.8,33.11,30.43,-28.48,,,,2025-03-12T10:20:56.716671,740.97,261.47,-307.13,9.21,45.0,-6.04,0.0,0.0,0.0,2025-03-12T10:20:56.716671,7.401444649927755
286.62,-92.04,925.78,17.2,57.5,-21.04,0.0,0.0,0.0,2025-03-12T10:20:56.717273,1003.42,-19.53,-198.49,-23.6,62.13,-3.11,0.0,0.0,0.0,2025-03-12T10:20:56.717273,6.277509439381721
391.6,-237.55,807.37,8.96,40.55,-29.94,0.0,0.0,0.0,2025-03-12T10:20:56.723662,877.69,-12.45,-195.56,-18.11,56.89,-1.1,0.0,0.0,0.0,2025-03-12T10:20:56.723662,5.364227468453195
286.13,-486.33,907.47,7.26,33.54,16.83,,,,2025-03-12T10:20:56.749875,1042.72,-198.24,-244.63,13.72,50.43,-2.62,,,,2025-03-12T10:20:56.749875,4.586409746733751
264.16,-450.2,1017.09,7.01,39.02,43.78,,,,2025-03-12T10:20:56.919127,1102.54,-72.51,-291.99,44.02,63.84,-8.78,0.0,0.0,0.0,2025-03-12T10:20:56.919127,3.6232529176326933
289.31,-394.29,1022.71,-2.26,50.49,38.96,,,,2025-03-12T10:20:56.919841,1043.21,-73.97,-250.24,22.13,87.8,-1.22,0.0,0.0,0.0,2025-03-12T10:20:56.919841,2.3090473550967454
323.49,-534.18,1015.87,-16.71,60.3,40.43,,,,2025-03-12T10:20:56.920324,1103.27,-167.72,-264.65,21.89,102.32,7.8,0.0,0.0,0.0,2025-03-12T10:20:56.920324,0.7539083613012467
428.71,-470.46,892.33,-24.39,51.28,59.51,0.0,0.0,0.0,2025-03-12T10:20:56.920765,1002.2,-130.13,-213.13,32.38,114.7,5.3,0.0,0.0,0.0,2025-03-12T10:20:56.920765,-0.8208570642225421
597.9,-422.36,918.46,-26.65,38.54,71.34,-153.44,69.77,160.29,2025-03-12T10:20:57.135399,988.77,-171.39,-215.82,55.85,114.82,12.13,0.0,0.0,0.0,2025-03-12T10:20:57.135399,-2.2605824673423847
541.26,-197.27,757.32,-23.96,38.9,51.04,0.0,0.0,0.0,2025-03-12T10:20:57.136278,929.44,-81.05,-238.04,46.1,102.13,13.11,0.0,0.0,0.0,2025-03-12T10:20:57.136278,-3.5752568578210973
718.75,-222.66,813.72,-43.41,50.67,25.49,0.0,0.0,0.0,2025-03-12T10:20:57.136919,881.59,-28.81,-272.22,10.18,96.89,22.13,-36.22,2.75,-108.93,2025-03-12T10:20:57.136919,-4.949387813806756
746.58,-145.75,681.88,-52.74,43.29,10.06,0.0,0.0,0.0,2025-03-12T10:20:57.137787,819.58,-48.83,-332.76,-18.96,80.12,22.44,0.0,0.0,0.0,2025-03-12T10:20:57.137787,-6.084284085205107
1048.34,101.81,205.32,-23.84,11.77,-23.35,0.0,0.0,0.0,2025-03-12T10:20:57.138377,736.08,-65.67,-226.32,-30.3,44.33,23.11,,,,2025-03-12T10:20:57.138377,-6.535239940510753
1322.51,-83.74,77.15,-1.83,-55.18,-33.41,0.0,0.0,0.0,2025-03-12T10:20:57.138833,735.35,-110.6,-358.64,9.09,-16.52,16.89,,,,2025-03-12T10:20:57.138833,-5.70312151094778
3317.63,-2351.56,3277.83,67.93,-159.76,-86.04,0.0,0.0,0.0,2025-03-12T10:20:57.161045,974.85,-943.12,-1204.1,105.43,-143.72,19.76,0.0,0.0,0.0,2025-03-12T10:20:57.161045,-2.5521875314579026
476.56,1547.12,1442.14,-17.68,23.78,-3.41,0.0,0.0,0.0,2025-03-12T10:20:57.341065,1442.14,563.72,-500.24,-80.73,-65.67,-0.61,0.0,0.0,0.0,2025-03-12T10:20:57.341065,-2.0348278298054687
412.35,-417.24,860.11,-1.34,1.22,7.26,0.0,0.0,0.0,2025-03-12T10:20:57.341855,1176.03,-379.15,-201.17,38.66,-35.49,19.82,,,,2025-03-12T10:20:57.341855,-1.6073405693923588
389.4,-260.25,892.58,-0.37,8.23,-3.6,-89.97,14.81,-59.01,2025-03-12T10:20:57.342379,942.14,-70.8,-457.76,20.0,-47.74,11.89,,,,2025-03-12T10:20:57.342379,-1.1378403428778086
370.12,-166.26,974.61,-5.49,0.37,-0.61,0.0,0.0,0.0,2025-03-12T10:20:57.342810,1145.02,-192.38,-171.14,-60.73,-0.06,13.54,0.0,0.0,0.0,2025-03-12T10:20:57.342810,-1.0785910768954325
339.84,-320.8,886.96,-9.45,1.77,-3.96,0.0,0.0,0.0,2025-03-12T10:20:57.348892,925.78,-258.3,68.6,-29.15,-34.21,6.16,0.0,0.0,0.0,2025-03-12T10:20:57.348892,-0.7042455567149153
349.85,-299.32,910.16,-4.94,4.39,-10.85,0.0,0.0,0.0,2025-03-12T10:20:57.440671,1037.84,-240.23,-11.47,-24.21,-35.61,5.37,0.0,0.0,0.0,2025-03-12T10:20:57.440671,-0.3541419644656596
361.08,-280.27,919.43,-3.66,0.06,-13.48,,,,2025-03-12T10:20:57.441336,1039.55,-161.38,-184.08,-26.22,-50.73,-0.98,0.0,0.0,0.0,2025-03-12T10:20:57.441336,0.17936232472695934
388.92,-272.71,915.77,-5.3,-23.6,-14.82,0.0,0.0,0.0,2025-03-12T10:20:57.461882,1043.46,-168.95,-169.68,-30.24,-46.04,0.49,0.0,0.0,0.0,2025-03-12T10:20:57.461882,0.8897561607738727
355.96,-271.97,974.85,-20.43,-54.27,-21.83,0.0,0.0,0.0,2025-03-12T10:20:57.548962,1117.19,-162.6,-319.34,-22.56,-52.26,-2.68,0.0,0.0,0.0,2025-03-12T10:20:57.548962,1.9567894244725945
459.96,-233.89,894.53,-25.55,-77.74,-23.66,,,,2025-03-12T10:20:57.549866,1026.37,-82.76,-330.57,-42.2,-40.0,-5.98,,,,2025-03-12T10:20:57.549866,3.1275898883762148
539.31,-187.01,842.53,-20.79,-107.26,-19.15,-95.98,-52.88,94.0,2025-03-12T10:20:57.574359,985.6,-155.76,-328.37,-18.9,-20.37,-5.67,,,,2025-03-12T10:20:57.574359,4.3863704796556755
568.6,-243.41,738.28,-38.84,-77.74,3.48,0.0,0.0,0.0,2025-03-12T10:20:57.649527,457.52,16.85,-260.99,-2.38,-22.62,-22.38,0.0,0.0,0.0,2025-03-12T10:20:57.649527,5.365876799795219
523.19,-252.44,572.02,-2.87,-27.07,36.16,0.0,0.0,0.0,2025-03-12T10:20:57.650263,166.75,-276.37,45.65,3.48,-67.87,-25.12,0.0,0.0,0.0,2025-03-12T10:20:57.650263,6.274457605443125
440.43,-582.28,1069.09,67.2,-24.09,23.05,0.0,0.0,0.0,2025-03-12T10:20:57.762755,2303.22,-268.07,-357.18,67.44,-125.85,-25.37,0.0,0.0,0.0,2025-03-12T10:20:57.762755,7.7309404896995835
597.17,-334.23,1183.84,18.9,-27.68,-136.89,0.0,0.0,0.0,2025-03-12T10:20:57.763719,823.73,65.67,-307.37,-112.07,-84.63,25.18,0.0,0.0,0.0,2025-03-12T10:20:57.763719,8.818750761303559
113.28,-568.36,783.2,28.11,5.18,-129.76,0.0,0.0,0.0,2025-03-12T10:20:57.764422,1023.68,-108.89,-407.71,-98.41,-51.59,26.59,,,,2025-03-12T10:20:57.764422,9.23676835062213
-264.4,191.16,912.35,-11.46,-22.62,-29.57,0.0,0.0,0.0,2025-03-12T10:20:57.858611,700.68,265.38,-373.05,6.04,-2.68,7.8,-135.47,-0.98,-2.26,2025-03-12T10:20:57.858611,9.457095557439686
-7.81,109.38,1239.01,-9.39,19.76,-23.84,0.0,0.0,0.0,2025-03-12T10:20:57.859413,810.06,334.47,-291.75,-25.85,46.34,-2.56,0.0,0.0,0.0,2025-03-12T10:20:57.859413,8.780588281808818
209.72,-131.1,875.49,3.11,66.04,-15.37,,,,2025-03-12T10:20:57.874487,994.14,-0.49,-196.53,-38.6,67.26,-15.79,,,,2025-03-12T10:20:57.874487,7.451495225706245
346.44,-284.18,808.35,-0.67,45.0,8.54,0.0,0.0,0.0,2025-03-12T10:20:57.953750,901.61,-71.29,-211.43,25.79,60.3,-14.02,0.0,0.0,0.0,2025-03-12T10:20:57.953750,6.402219571810394
399.41,-342.29,958.74,14.76,38.78,28.78,0.0,0.0,0.0,2025-03-12T10:20:57.954387,1026.37,-135.25,-239.5,30.37,59.94,-20.49,0.0,0.0,0.0,2025-03-12T10:20:57.954387,5.423762069234744
388.92,-368.65,1003.66,2.87,46.28,22.93,0.0,0.0,0.0,2025-03-12T10:20:58.056712,1098.14,-72.75,-296.88,7.2,62.26,-10.49,0.0,0.0,0.0,2025-03-12T10:20:58.056712,4.343005761756804
382.57,-310.55,1082.76,-14.88,44.15,12.13,0.0,0.0,0.0,2025-03-12T10:20:58.061951,1089.11,-92.29,-293.46,-21.16,78.78,4.33,0.0,0.0,0.0,2025-03-12T10:20:58.061951,3.112691584812369
374.76,-349.85,997.07,-11.89,56.89,10.79,,,,2025-03-12T10:20:58.062084,1015.62,-109.62,-276.12,-20.49,87.93,1.59,,,,2025-03-12T10:20:58.062084,1.6693878203532133
385.01,-408.69,911.62,-12.93,66.95,26.1,0.0,0.0,0.0,2025-03-12T10:20:58.161265,989.75,-155.76,-247.8,12.62,92.68,3.78,0.0,0.0,0.0,2025-03-12T10:20:58.161265,0.0793662552496377
441.65,-377.69,881.84,-12.62,51.22,46.59,0.0,0.0,0.0,2025-03-12T10:20:58.162054,1011.23,-89.11,-274.17,42.01,99.51,4.15,0.0,0.0,0.0,2025-03-12T10:20:58.162054,-1.4190507409286965
551.51,-285.4,982.18,-10.24,35.06,62.99,0.0,0.0,0.0,2025-03-12T10:20:58.176512,991.46,-23.93,-265.14,45.24,98.54,1.59,0.0,0.0,0.0,2025-03-12T10:20:58.176512,-2.739573558835973
600.83,-181.4,894.04,-12.74,43.66,54.21,0.0,0.0,0.0,2025-03-12T10:20:58.270273,995.85,-67.38,-232.67,44.45,99.94,5.24,0.0,0.0,0.0,2025-03-12T10:20:58.270273,-4.150033112404552
529.54,-176.51,822.51,-18.9,33.05,42.01,,,,2025-03-12T10:20:58.271004,965.58,0.24,-179.93,25.18,82.32,6.4,0.0,0.0,0.0,2025-03-12T10:20:58.271004,-5.263231193639252
594.97,-198.0,825.68,-20.37,41.77,41.52,0.0,0.0,0.0,2025-03-12T10:20:58.289960,957.03,-66.41,-120.85,16.34,75.61,7.56,0.0,0.0,0.0,2025-03-12T10:20:58.289960,-6.383802144744758
614.75,-176.27,697.51,-18.17,33.29,31.59,0.0,0.0,0.0,2025-03-12T10:20:58.369614,923.1,-47.12,-90.58,20.06,60.91,7.99,,,,2025-03-12T10:20:58.369614,-7.257737574357324
659.42,-152.34,755.62,-12.8,8.11,26.89,,,,2025-03-12T10:20:58.370278,907.96,-28.81,-65.67,16.59,37.74,8.48,0.0,0.0,0.0,2025-03-12T10:20:58.370278,-7.634483461828196
634.52,-178.22,708.98,0.98,7.07,26.28,0.0,0.0,0.0,2025-03-12T10:20:58.398760,907.71,-74.22,-106.45,26.46,15.06,6.04,0.0,0.0,0.0,2025-03-12T10:20:58.398760,-7.756869540515347
540.04,-121.83,671.63,12.07,-8.9,19.33,0.0,0.0,0.0,2025-03-12T10:20:58.469023,871.09,-41.26,-158.69,35.43,-2.68,3.66,,,,2025-03-12T10:20:58.469023,-7.527702349911489
669.43,-94.97,706.54,17.74,-6.28,1.95,,,,2025-03-12T10:20:58.470861,816.89,-80.81,-176.27,25.85,-14.27,6.1,,,,2025-03-12T10:20:58.470861,-7.200811428651811
611.08,289.06,135.01,-55.55,-60.24,-29.94,,,,2025-03-12T10:20:58.571595,926.27,21.48,-156.49,22.56,-34.76,9.76,0.0,0.0,0.0,2025-03-12T10:20:58.571595,-6.121258983098031
279.79,-1260.01,2149.66,69.63,-66.46,-1.1,,,,2025-03-12T10:20:58.572353,1620.61,21.73,147.46,-37.68,-45.98,24.27,,,,2025-03-12T10:20:58.572353,-4.887364350468545
946.04,-583.25,1101.32,61.71,-80.24,-7.93,0.0,0.0,0.0,2025-03-12T10:20:58.576268,964.36,-504.39,-99.61,74.27,-54.76,-14.94,,,,2025-03-12T10:20:58.576268,-3.430893824364233
726.32,-69.58,1116.46,25.98,-15.91,-7.44,0.0,0.0,0.0,2025-03-12T10:20:58.674745,931.4,78.37,-577.15,122.13,-97.07,-7.2,0.0,0.0,0.0,2025-03-12T10:20:58.674745,-2.2069659025419845
396.97,-239.01,951.9,36.16,2.68,-7.44,0.0,0.0,0.0,2025-03-12T10:20:58.675538,1055.42,109.13,-308.11,-60.0,-12.93,9.57,0.0,0.0,0.0,2025-03-12T10:20:58.675538,-2.0182432928836853
354.49,-201.66,933.84,16.28,3.78,1.59,0.0,0.0,0.0,2025-03-12T10:20:58.691568,1069.09,-181.64,-37.35,50.49,-42.56,-2.26,0.0,0.0,0.0,2025-03-12T10:20:58.691568,-1.5555415803977173
358.4,-277.1,887.45,6.52,4.7,-0.24,0.0,0.0,0.0,2025-03-12T10:20:58.778791,942.38,-69.09,-66.41,-12.87,-6.34,-1.4,0.0,0.0,0.0,2025-03-12T10:20:58.778791,-1.4777802410269807
353.27,-271.0,905.52,9.39,6.22,-4.15,0.0,0.0,0.0,2025-03-12T10:20:58.779649,1053.71,-149.41,-37.84,-8.54,-10.37,0.79,0.0,0.0,0.0,2025-03-12T10:20:58.779649,-1.3907509854634874
357.91,-245.12,915.04,8.48,5.79,-5.18,,,,2025-03-12T10:20:58.802351,1054.2,-12.7,-3.66,8.84,-19.7,-4.94,0.0,0.0,0.0,2025-03-12T10:20:58.802351,-1.2229928812837692
321.78,-279.05,913.57,12.26,8.66,-7.44,,,,2025-03-12T10:20:58.874544,978.03,-150.63,128.91,-0.18,-14.82,-2.8,0.0,0.0,0.0,2025-03-12T10:20:58.874544,-1.1480002559012448
364.75,-191.89,911.62,10.12,10.61,-8.9,0.0,0.0,0.0,2025-03-12T10:20:58.876932,993.9,-15.62,-79.83,15.24,-24.7,-6.04,0.0,0.0,0.0,2025-03-12T10:20:58.876932,-1.0081372633172894
327.64,-205.32,928.71,7.38,9.27,-7.68,0.0,0.0,0.0,2025-03-12T10:20:58.981289,1022.46,-0.98,-39.55,-2.38,-19.33,-3.41,0.0,0.0,0.0,2025-03-12T10:20:58.981289,-0.9231761867699309
366.21,-206.05,918.7,5.85,7.68,-7.26,0.0,0.0,0.0,2025-03-12T10:20:58.981967,984.38,15.87,-141.11,-0.67,-15.55,-4.33,0.0,0.0,0.0,2025-03-12T10:20:58.981967,-0.8726152711618518
330.08,-183.35,925.29,6.59,7.62,-7.07,0.0,0.0,0.0,2025-03-12T10:20:58.989543,1002.93,-61.28,-101.56,-7.38,-9.76,-4.45,0.0,0.0,0.0,2025-03-12T10:20:58.989543,-0.8851359145126807
365.23,-177.73,922.36,3.72,5.61,-7.13,0.0,0.0,0.0,2025-03-12T10:20:59.086422,996.09,80.08,-182.62,-8.66,-8.29,-3.11,,,,2025-03-12T10:20:59.086422,-0.8850152944887899
318.85,-170.41,930.18,-1.83,2.13,-5.18,,,,2025-03-12T10:20:59.087280,987.55,-97.17,-86.18,-26.65,1.22,-0.06,,,,2025-03-12T10:20:59.087280,-0.914443027206282
323.97,-201.9,923.1,-2.07,2.87,-5.49,,,,2025-03-12T10:20:59.093724,982.67,-94.48,-70.31,-12.01,-6.71,-2.2,,,,2025-03-12T10:20:59.093724,-0.8680504386980346
330.08,-187.26,935.79,-0.55,3.41,-5.98,,,,2025-03-12T10:20:59.179013,1028.81,18.8,-62.26,-15.73,-4.57,-3.05,,,,2025-03-12T10:20:59.179013,-0.8450923378055037
330.57,-214.36,921.88,-2.93,0.3,-6.28,,,,2025-03-12T10:20:59.179773,990.97,-94.48,-66.65,-23.23,-5.61,-4.02,0.0,0.0,0.0,2025-03-12T10:20:59.179773,-0.7766718667701653
333.5,-220.7,924.07,-1.34,2.93,-7.01,0.0,0.0,0.0,2025-03-12T10:20:59.392714,1008.3,-76.17,-33.2,-15.85,-10.85,-6.46,0.0,0.0,0.0,2025-03-12T10:20:59.392714,-0.6819663729047658
314.45,-210.94,938.48,1.89,0.0,-9.09,,,,2025-03-12T10:20:59.393498,1026.37,-100.1,-185.79,-17.99,-18.96,-6.95,0.0,0.0,0.0,2025-03-12T10:20:59.393498,-0.47365445537192663
355.22,-183.59,914.06,3.35,2.07,-7.56,0.0,0.0,0.0,2025-03-12T10:20:59.394068,972.17,-77.64,-247.56,-16.1,-11.1,-11.83,0.0,0.0,0.0,2025-03-12T10:20:59.394068,-0.36051567671773377
338.62,-215.58,936.77,3.29,-0.3,-8.48,,,,2025-03-12T10:20:59.394552,1051.76,-24.66,-204.83,-9.27,-10.24,-13.84,0.0,0.0,0.0,2025-03-12T10:20:59.394552,-0.22687212570537696
340.82,-178.96,911.87,3.96,0.18,-12.93,0.0,0.0,0.0,2025-03-12T10:20:59.395088,970.46,-13.43,-210.45,-29.39,4.51,-10.3,0.0,0.0,0.0,2025-03-12T10:20:59.395088,-0.2392969289155662
305.66,-122.07,939.45,4.57,1.28,-8.35,0.0,0.0,0.0,2025-03-12T10:20:59.395704,990.23,41.75,-44.19,-7.8,2.01,-11.83,0.0,0.0,0.0,2025-03-12T10:20:59.395704,-0.22576249745602261
335.45,-186.77,920.41,0.43,-1.04,-4.57,0.0,0.0,0.0,2025-03-12T10:20:59.486224,958.5,22.71,-60.06,-8.66,-2.2,-10.61,0.0,0.0,0.0,2025-03-12T10:20:59.486224,-0.1347688238432223
326.42,-161.87,929.44,1.28,2.44,-2.2,,,,2025-03-12T10:20:59.487057,998.78,70.8,-71.53,-8.96,-7.01,-9.27,0.0,0.0,0.0,2025-03-12T10:20:59.487057,-0.017369033471355877
309.81,-187.01,941.41,-0.55,-1.46,-3.17,,,,2025-03-12T10:20:59.500827,1001.22,41.75,-102.29,-8.29,-8.05,-8.84,0.0,0.0,0.0,2025-03-12T10:20:59.500827,0.15959260404575382
344.48,-193.85,933.35,1.28,-1.1,-5.43,0.0,0.0,0.0,2025-03-12T10:20:59.588970,998.29,64.94,-175.05,-6.1,-7.62,-6.52,0.0,0.0,0.0,2025-03-12T10:20:59.588970,0.33770202131202076
336.91,-164.79,930.91,0.55,-0.67,-3.23,,,,2025-03-12T10:20:59.589935,979.25,91.31,-147.71,-6.16,-2.8,-5.61,0.0,0.0,0.0,2025-03-12T10:20:59.589935,0.47907891560089944
341.55,-192.38,918.7,-0.55,1.28,-1.16,,,,2025-03-12T10:20:59.609238,973.14,34.67,-198.24,-3.17,-5.18,-6.83,0.0,0.0,0.0,2025-03-12T10:20:59.609238,0.637474204700414
342.04,-190.19,925.54,0.98,2.01,-0.98,,,,2025-03-12T10:20:59.694483,994.14,57.13,-163.09,-4.09,-3.41,-4.7,0.0,0.0,0.0,2025-03-12T10:20:59.694483,0.775601135993826
322.27,-168.7,935.79,1.77,2.62,-1.4,0.0,0.0,0.0,2025-03-12T10:20:59.695396,985.84,70.56,-145.26,-2.13,-1.83,-4.57,0.0,0.0,0.0,2025-03-12T10:20:59.695396,0.8948898767888682
332.03,-162.6,930.66,2.62,3.48,-0.85,0.0,0.0,0.0,2025-03-12T10:20:59.722181,967.77,63.96,-162.84,-0.98,0.18,-4.21,0.0,0.0,0.0,2025-03-12T10:20:59.722181,0.9794236618418939
321.04,-172.36,929.69,1.89,4.02,-0.55,0.0,0.0,0.0,2025-03-12T10:20:59.796115,989.01,51.51,-159.18,-3.72,0.3,-3.54,,,,2025-03-12T10:20:59.796115,1.0444056726464819
333.25,-186.04,930.42,2.8,4.76,-0.24,,,,2025-03-12T10:20:59.796955,999.51,62.74,-167.48,-0.73,0.43,-2.44,0.0,0.0,0.0,2025-03-12T10:20:59.796955,1.090365255305219
322.75,-158.2,940.19,1.65,3.23,-0.73,0.0,0.0,0.0,2025-03-12T10:20:59.829460,995.12,100.59,-189.45,-3.17,4.51,-3.35,,,,2025-03-12T10:20:59.829460,1.1018111763729852
322.75,-163.82,934.33,1.59,3.29,-0.24,,,,2025-03-12T10:20:59.909600,990.72,71.04,-156.01,-6.34,7.13,-1.71,0.0,0.0,0.0,2025-03-12T10:20:59.909600,1.0756281179091047
326.66,-169.68,936.52,0.85,2.68,-0.12,33.53,-0.96,-56.33,2025-03-12T10:20:59.910729,989.5,69.82,-138.18,-3.9,8.41,-2.32,0.0,0.0,0.0,2025-03-12T10:20:59.910729,1.0312135277402597
317.14,-165.53,940.92,1.4,1.71,-0.55,0.0,0.0,0.0,2025-03-12T10:21:00.001441,992.92,68.85,-149.41,-7.56,10.43,-2.07,0.0,0.0,0.0,2025-03-12T10:21:00.001441,0.9619594611961713
310.06,-156.25,935.06,0.67,1.4,-1.16,0.0,0.0,0.0,2025-03-12T10:21:00.002316,983.64,83.98,-139.65,-7.13,11.46,-2.13,0.0,0.0,0.0,2025-03-12T10:21:00.002316,0.8697498620370574
313.72,-162.35,943.85,-1.22,0.06,-0.37,33.53,-0.96,-56.33,2025-03-12T10:21:00.016310,986.33,80.08,-112.79,-9.7,12.2,-1.95,0.0,0.0,0.0,2025-03-12T10:21:00.016310,0.7687533073754622
308.11,-180.91,932.37,-1.71,0.43,0.0,0.0,0.0,0.0,2025-03-12T10:21:00.111780,1010.99,86.67,-88.87,-8.66,11.22,-1.71,0.0,0.0,0.0,2025-03-12T10:21:00.111780,0.6606097978337822
310.3,-174.56,933.84,-2.01,0.0,-0.49,0.0,0.0,0.0,2025-03-12T10:21:00.112219,985.35,68.12,-72.75,-10.24,9.82,-2.2,0.0,0.0,0.0,2025-03-12T10:21:00.112219,0.556453411852857
311.28,-167.97,937.26,-0.73,-0.61,-0.61,0.0,0.0,0.0,2025-03-12T10:21:00.202980,996.09,70.07,-66.16,-7.93,8.6,-2.13,0.0,0.0,0.0,2025-03-12T10:21:00.202980,0.45891031263060356
308.35,-166.99,940.19,-1.52,-0.55,-0.61,0.0,0.0,0.0,2025-03-12T10:21:00.208730,992.19,80.81,-66.41,-7.2,6.52,-1.89,0.0,0.0,0.0,2025-03-12T10:21:00.208730,0.3697427474669741
309.81,-164.55,936.28,-0.12,-0.49,-0.43,0.0,0.0,0.0,2025-03-12T10:21:00.209129,995.85,77.88,-67.14,-2.68,5.67,-2.8,0.0,0.0,0.0,2025-03-12T10:21:00.209129,0.27742005626251576
308.84,-173.83,936.77,0.0,-0.37,-0.73,-75.94,15.38,-28.13,2025-03-12T10:21:00.311432,990.97,100.59,-68.6,-6.1,4.7,-2.32,0.0,0.0,0.0,2025-03-12T10:21:00.311432,0.18882640434956777
315.92,-181.15,936.04,-0.43,0.12,-0.98,0.0,0.0,0.0,2025-03-12T10:21:00.312175,995.12,81.54,-73.97,-3.23,3.66,-1.77,0.0,0.0,0.0,2025-03-12T10:21:00.312175,0.110196046792149
310.55,-166.02,938.23,-0.49,-0.24,-0.61,-75.94,15.38,-28.13,2025-03-12T10:21:00.319055,990.72,105.96,-53.96,-3.96,3.17,-1.34,0.0,0.0,0.0,2025-03-12T10:21:00.319055,0.04120746539917697
318.6,-169.19,939.7,-1.04,-0.73,-0.18,,,,2025-03-12T10:21:00.411461,986.33,87.65,-60.3,-3.78,2.8,-1.46,0.0,0.0,0.0,2025-03-12T10:21:00.411461,-0.03072621276291443
314.45,-172.85,939.45,-0.12,0.12,-0.49,0.0,0.0,0.0,2025-03-12T10:21:00.412364,993.41,97.41,-34.18,-4.09,2.26,-1.16,,,,2025-03-12T10:21:00.412364,-0.10533469817802299
306.4,-173.1,928.71,-1.1,-0.18,0.0,,,,2025-03-12T10:21:00.427842,989.5,67.14,-61.28,-0.49,1.22,-1.65,0.0,0.0,0.0,2025-03-12T10:21:00.427842,-0.16320598130233854
315.43,-177.0,933.11,0.12,0.0,-0.61,0.0,0.0,0.0,2025-03-12T10:21:00.513568,992.92,106.2,-63.72,-0.79,1.28,-1.1,0.0,0.0,0.0,2025-03-12T10:21:00.513568,-0.21874838539779695
310.79,-174.8,939.7,0.0,-0.61,-0.18,0.0,0.0,0.0,2025-03-12T10:21:00.514464,1001.46,102.29,-72.27,-2.32,1.71,-1.22,0.0,0.0,0.0,2025-03-12T10:21:00.514464,-0.26442878370243683
311.04,-169.43,942.63,-0.79,-0.67,-0.06,0.0,0.0,0.0,2025-03-12T10:21:00.541998,993.65,96.19,-68.36,-4.21,3.05,-1.22,0.0,0.0,0.0,2025-03-12T10:21:00.541998,-0.3222258288651343
309.57,-167.97,934.81,-0.3,-0.67,0.06,0.0,0.0,0.0,2025-03-12T10:21:00.614857,993.41,108.15,-57.62,-2.2,3.35,-0.67,0.0,0.0,0.0,2025-03-12T10:21:00.614857,-0.37717571268059835
310.3,-175.78,937.5,-0.67,-0.61,0.06,0.0,0.0,0.0,2025-03-12T10:21:00.618844,998.05,86.91,-41.02,-3.54,1.95,-0.91,0.0,0.0,0.0,2025-03-12T10:21:00.618844,-0.4137977770927659
310.79,-177.25,933.59,-0.3,-0.24,-0.18,0.0,0.0,0.0,2025-03-12T10:21:00.739288,989.99,93.51,-33.69,-1.1,1.95,-0.91,,,,2025-03-12T10:21:00.739288,-0.4471533599088193
315.43,-167.48,937.01,-0.12,-0.3,0.0,,,,2025-03-12T10:21:00.740190,989.5,89.84,-36.87,-0.55,1.22,-0.49,,,,2025-03-12T10:21:00.740190,-0.4634227624754992
316.41,-179.93,934.33,0.18,-0.12,-0.18,,,,2025-03-12T10:21:00.740863,998.29,87.65,-36.13,1.65,0.3,-0.55,0.0,0.0,0.0,2025-03-12T10:21:00.740863,-0.46755314553030125
313.72,-175.78,936.04,0.24,-0.24,-0.49,0.0,0.0,0.0,2025-03-12T10:21:00.819289,1002.44,99.85,-41.02,1.65,-0.06,-0.79,0.0,0.0,0.0,2025-03-12T10:21:00.819289,-0.4638190289765962
312.26,-174.56,933.11,0.12,-0.43,-0.06,0.0,0.0,0.0,2025-03-12T10:21:00.819463,992.68,95.46,-45.41,-0.49,-0.91,-0.61,0.0,0.0,0.0,2025-03-12T10:21:00.819463,-0.4474779444530146
315.19,-170.65,931.64,0.55,-0.3,-0.3,,,,2025-03-12T10:21:00.920352,997.31,98.39,-36.38,1.04,-0.55,-0.49,0.0,0.0,0.0,2025-03-12T10:21:00.920352,-0.43530218639853757
309.57,-175.29,938.96,0.73,0.06,-0.49,0.0,0.0,0.0,2025-03-12T10:21:00.920524,997.07,96.19,-46.63,2.38,-1.22,-0.85,0.0,0.0,0.0,2025-03-12T10:21:00.920524,-0.4180462170769914
307.37,-165.04,934.57,0.24,-0.3,-0.18,0.0,0.0,0.0,2025-03-12T10:21:00.921073,995.61,99.37,-66.65,-0.49,-1.34,-0.3,0.0,0.0,0.0,2025-03-12T10:21:00.921073,-0.39256718657980727
318.12,-175.78,936.52,-0.43,-0.18,-0.24,0.0,0.0,0.0,2025-03-12T10:21:00.948630,993.16,90.33,-50.78,1.28,-0.67,-0.12,,,,2025-03-12T10:21:00.948630,-0.37525349026990007
318.85,-166.75,934.81,0.3,0.0,-0.3,0.0,0.0,0.0,2025-03-12T10:21:01.027235,996.83,103.52,-49.32,0.06,-0.73,0.12,,,,2025-03-12T10:21:01.027235,-0.3563908466520189
308.11,-161.87,936.77,0.12,-0.12,-0.49,,,,2025-03-12T10:21:01.027894,991.21,98.14,-51.03,-0.12,-0.18,-0.06,0.0,0.0,0.0,2025-03-12T10:21:01.027894,-0.33722618547033
311.04,-163.09,938.23,0.12,-0.06,-0.24,,,,2025-03-12T10:21:01.056914,993.16,99.85,-56.4,-0.06,-0.18,-0.37,0.0,0.0,0.0,2025-03-12T10:21:01.056914,-0.31837061708644043
309.57,-168.46,937.99,-0.18,-0.24,-0.24,,,,2025-03-12T10:21:01.127019,989.5,96.19,-42.48,-1.04,-0.12,0.0,0.0,0.0,0.0,2025-03-12T10:21:01.127019,-0.2984949336394269
315.19,-166.5,937.5,0.18,-0.49,-0.24,0.0,0.0,0.0,2025-03-12T10:21:01.131348,997.31,87.16,-63.48,-0.49,0.18,-0.06,0.0,0.0,0.0,2025-03-12T10:21:01.131348,-0.2790596916243153
311.28,-168.95,939.94,-0.37,-0.37,-0.37,,,,2025-03-12T10:21:01.232389,994.87,88.87,-60.06,-1.28,0.3,-0.49,0.0,0.0,0.0,2025-03-12T10:21:01.232389,-0.2641194348286575
322.02,-169.68,934.33,-0.06,-0.49,-0.37,,,,2025-03-12T10:21:01.233311,984.38,97.66,-54.2,-3.05,1.04,0.18,0.0,0.0,0.0,2025-03-12T10:21:01.233311,-0.2534520480012219
311.77,-167.48,939.45,0.0,-0.61,-0.06,,,,2025-03-12T10:21:01.239298,988.28,102.78,-51.03,-3.17,0.98,0.3,0.0,0.0,0.0,2025-03-12T10:21:01.239298,-0.2500291102654
309.81,-167.72,933.84,-0.98,-0.67,-0.24,,,,2025-03-12T10:21:01.329955,999.51,107.67,-46.88,-3.35,1.89,0.12,0.0,0.0,0.0,2025-03-12T10:21:01.329955,-0.2561271807794565
312.99,-169.92,931.64,-2.32,-0.67,-0.49,,,,2025-03-12T10:21:01.330870,1004.64,107.67,-46.39,-8.35,2.68,1.04,0.0,0.0,0.0,2025-03-12T10:21:01.330870,-0.2709796105636233
312.74,-165.04,945.56,-4.82,-1.04,-0.73,0.0,0.0,0.0,2025-03-12T10:21:01.349428,993.41,135.74,-75.44,-15.3,4.76,2.8,,,,2025-03-12T10:21:01.349428,-0.30373980536682765
322.27,-155.52,945.31,-9.76,-2.32,0.3,0.0,0.0,0.0,2025-03-12T10:21:01.434172,987.3,120.61,-59.33,-23.35,8.05,3.9,0.0,0.0,0.0,2025-03-12T10:21:01.434172,-0.3570887542122829
320.56,-170.17,941.41,-14.09,-2.44,1.95,,,,2025-03-12T10:21:01.434790,991.94,103.03,-40.04,-24.51,9.45,4.02,0.0,0.0,0.0,2025-03-12T10:21:01.434790,-0.4227198596570769
315.67,-210.21,926.27,-14.45,-2.2,1.89,0.0,0.0,0.0,2025-03-12T10:21:01.460391,1007.81,78.37,-4.39,-22.93,8.84,3.9,0.0,0.0,0.0,2025-03-12T10:21:01.460391,-0.4845499639273072
309.08,-219.24,914.31,-12.13,-1.95,1.65,,,,2025-03-12T10:21:01.536347,984.62,41.02,8.06,-18.17,8.11,3.84,0.0,0.0,0.0,2025-03-12T10:21:01.536347,-0.5415273326372656
318.12,-219.48,927.73,-5.12,-1.77,0.98,0.0,0.0,0.0,2025-03-12T10:21:01.537283,1004.39,40.77,19.78,-4.45,6.77,2.87,0.0,0.0,0.0,2025-03-12T10:21:01.537283,-0.5863401694703771
312.5,-211.18,920.65,-2.38,-1.77,1.04,0.0,0.0,0.0,2025-03-12T10:21:01.636311,982.67,124.76,18.31,2.74,5.55,2.01,0.0,0.0,0.0,2025-03-12T10:21:01.636311,-0.6186394703171505
326.42,-217.77,924.56,-2.38,-1.59,1.89,,,,2025-03-12T10:21:01.641487,999.51,74.22,-0.49,5.3,5.18,3.66,0.0,0.0,0.0,2025-03-12T10:21:01.641487,-0.650880284177985
321.04,-220.21,923.1,-1.83,-1.65,2.13,0.0,0.0,0.0,2025-03-12T10:21:01.647055,993.41,69.58,2.2,3.72,6.04,3.9,0.0,0.0,0.0,2025-03-12T10:21:01.647055,-0.6918213294379463
315.43,-221.92,921.63,-0.61,-1.28,1.71,,,,2025-03-12T10:21:01.739564,995.36,67.63,39.31,6.77,4.76,3.78,0.0,0.0,0.0,2025-03-12T10:21:01.739564,-0.7241833947706038
319.09,-213.87,927.25,-0.24,-0.61,1.4,,,,2025-03-12T10:21:01.740474,994.63,84.47,-1.95,11.1,5.79,4.02,0.0,0.0,0.0,2025-03-12T10:21:01.740474,-0.7726813339408718
311.28,-212.65,926.03,-1.77,-1.89,2.56,0.0,0.0,0.0,2025-03-12T10:21:01.756322,986.33,88.13,44.43,2.5,4.21,5.18,,,,2025-03-12T10:21:01.756322,-0.794540351206404
321.29,-223.63,923.34,-0.61,-0.73,1.77,134.42,-58.68,-159.17,2025-03-12T10:21:01.844312,1001.22,-6.1,42.97,13.96,3.35,3.54,,,,2025-03-12T10:21:01.844312,-0.8183056769513968
328.37,-205.57,927.25,2.5,0.37,0.3,,,,2025-03-12T10:21:01.845236,988.77,113.77,-0.98,14.45,2.07,3.05,0.0,0.0,0.0,2025-03-12T10:21:01.845236,-0.8408091948374405
322.75,-214.11,922.36,1.4,-0.73,0.79,0.0,0.0,0.0,2025-03-12T10:21:01.944448,1002.93,53.47,19.04,2.87,2.87,4.63,,,,2025-03-12T10:21:01.944448,-0.8624650173622346
323.49,-218.99,920.65,0.12,-0.85,0.91,0.0,0.0,0.0,2025-03-12T10:21:01.949532,1000.73,44.68,30.27,6.77,0.73,3.66,,,,2025-03-12T10:21:01.949532,-0.8629175778572105
317.63,-213.13,929.44,0.49,-0.73,0.49,0.0,0.0,0.0,2025-03-12T10:21:01.950469,1026.12,56.88,41.02,18.66,0.0,7.26,,,,2025-03-12T10:21:01.950469,-0.8602895545157558
315.67,-219.73,924.07,1.46,-0.73,-0.3,0.0,0.0,0.0,2025-03-12T10:21:01.968453,951.42,21.97,47.85,4.39,1.83,3.9,,,,2025-03-12T10:21:01.968453,-0.874543737668068
324.95,-217.77,924.07,2.32,-0.3,-0.55,0.0,0.0,0.0,2025-03-12T10:21:02.054294,1093.75,44.19,-68.6,-9.88,-19.57,3.6,0.0,0.0,0.0,2025-03-12T10:21:02.054294,-0.680161210709338
320.8,-216.31,917.48,3.9,0.18,-1.4,,,,2025-03-12T10:21:02.055012,977.78,15.62,56.64,1.16,1.71,-0.55,0.0,0.0,0.0,2025-03-12T10:21:02.055012,-0.7018099353373106
325.44,-210.21,920.41,4.76,0.55,-1.65,,,,2025-03-12T10:21:02.152013,734.62,114.99,615.97,5.12,70.37,-4.33,0.0,0.0,0.0,2025-03-12T10:21:02.152013,-1.4111630012629277
327.39,-203.12,921.39,4.51,0.43,-1.34,,,,2025-03-12T10:21:02.253267,1041.02,49.8,-298.34,1.04,1.28,0.3,0.0,0.0,0.0,2025-03-12T10:21:02.253267,-1.4326720709488665
318.36,-195.56,928.22,2.44,0.24,-0.85,0.0,0.0,0.0,2025-03-12T10:21:02.253679,1436.04,261.96,-103.76,40.12,-136.1,-28.11,0.0,0.0,0.0,2025-03-12T10:21:02.253679,-0.06599057950671394
323.24,-201.66,919.92,1.52,0.06,-0.61,0.0,0.0,0.0,2025-03-12T10:21:02.253937,1129.39,-68.12,-123.05,120.0,-89.63,-2.2,,,,2025-03-12T10:21:02.253937,0.8249146903040003
331.54,-187.99,926.03,2.01,-0.61,-0.49,,,,2025-03-12T10:21:02.254150,1009.77,21.97,30.27,66.77,-80.91,-0.3,162.24,-51.44,143.59,2025-03-12T10:21:02.254150,1.634719780988581
321.04,-205.81,933.35,1.65,-0.61,-0.18,0.0,0.0,0.0,2025-03-12T10:21:02.265588,1104.98,32.96,-54.44,55.85,-84.02,7.32,0.0,0.0,0.0,2025-03-12T10:21:02.265588,2.4742032862087235
317.63,-195.07,931.4,1.46,0.06,-0.79,0.0,0.0,0.0,2025-03-12T10:21:02.668751,1023.44,12.45,-146.73,34.51,-33.78,-2.32,0.0,0.0,0.0,2025-03-12T10:21:02.668751,2.804705447888317
313.48,-206.3,934.81,1.16,0.06,-0.79,26.02,29.66,-16.14,2025-03-12T10:21:02.669439,954.83,89.11,-217.04,10.85,-4.09,-13.96,0.0,0.0,0.0,2025-03-12T10:21:02.669439,2.8365256412128437
325.44,-192.38,929.93,2.62,0.43,-1.22,0.0,0.0,0.0,2025-03-12T10:21:02.669993,1006.84,70.31,-245.61,-36.89,21.71,-9.27,0.0,0.0,0.0,2025-03-12T10:21:02.669993,2.6050173229814195
317.38,-192.87,936.77,2.32,0.12,-1.34,0.0,0.0,0.0,2025-03-12T10:21:02.670649,1019.04,89.36,-139.89,-41.4,46.59,-5.12,0.0,0.0,0.0,2025-03-12T10:21:02.670649,2.125859562111973
330.08,-192.38,934.57,0.67,0.55,-1.16,0.0,0.0,0.0,2025-03-12T10:21:02.671224,973.63,84.23,-138.43,-4.7,65.24,4.57,0.0,0.0,0.0,2025-03-12T10:21:02.671224,1.4527493607964788
324.46,-186.52,927.73,-0.37,0.0,-0.73,0.0,0.0,0.0,2025-03-12T10:21:02.671725,964.84,131.59,-96.68,4.27,79.82,-3.48,0.0,0.0,0.0,2025-03-12T10:21:02.671725,0.6388222743068859
316.41,-188.72,926.03,-1.22,-0.37,-0.24,26.02,29.66,-16.14,2025-03-12T10:21:02.672140,933.84,89.11,-46.14,-37.01,41.77,9.21,0.0,0.0,0.0,2025-03-12T10:21:02.672140,0.20620349666527638
325.68,-196.53,919.68,-3.17,-0.12,0.3,0.0,0.0,0.0,2025-03-12T10:21:02.672527,972.9,89.36,-84.96,-35.91,15.73,16.65,0.0,0.0,0.0,2025-03-12T10:21:02.672527,0.028134255131908148
326.17,-197.27,929.2,-3.54,-1.04,0.61,,,,2025-03-12T10:21:02.672915,997.56,55.42,-21.97,-9.51,13.41,5.55,0.0,0.0,0.0,2025-03-12T10:21:02.672915,-0.11600698806050325
324.46,-194.82,924.32,-3.48,-0.98,0.61,,,,2025-03-12T10:21:02.673541,979.25,67.87,-28.56,-32.5,1.46,-1.77,0.0,0.0,0.0,2025-03-12T10:21:02.673541,-0.13888865173564469
317.63,-213.38,925.78,-2.74,-0.37,0.55,0.0,0.0,0.0,2025-03-12T10:21:02.706333,1003.17,64.94,-25.39,-31.4,17.07,-5.98,0.0,0.0,0.0,2025-03-12T10:21:02.706333,-0.32286835655285095
322.02,-205.57,924.07,-1.65,0.0,-0.06,0.0,0.0,0.0,2025-03-12T10:21:02.774746,1014.65,85.69,5.62,-31.83,33.96,-2.5,0.0,0.0,0.0,2025-03-12T10:21:02.774746,-0.6796461468086985
322.27,-199.71,923.83,-2.01,-0.79,0.3,0.0,0.0,0.0,2025-03-12T10:21:02.775611,1023.44,66.89,-34.18,-68.9,1.89,12.32,,,,2025-03-12T10:21:02.775611,-0.7146545464400447
327.15,-203.86,924.56,-1.71,0.18,0.12,0.0,0.0,0.0,2025-03-12T10:21:02.790776,1006.35,22.95,21.0,17.01,24.51,4.21,0.0,0.0,0.0,2025-03-12T10:21:02.790776,-0.9812809990644826
322.27,-210.21,923.83,-0.91,-0.3,0.0,0.0,0.0,0.0,2025-03-12T10:21:02.869080,966.55,132.81,158.2,34.02,45.43,-16.46,,,,2025-03-12T10:21:02.869080,-1.441753731024228
320.07,-208.25,923.1,-0.85,0.0,0.0,0.0,0.0,0.0,2025-03-12T10:21:02.869962,1022.71,-136.72,-73.24,-27.87,-4.15,-1.83,0.0,0.0,0.0,2025-03-12T10:21:02.869962,-1.4171258189564782
324.71,-204.1,926.51,-0.91,0.0,-0.06,0.0,0.0,0.0,2025-03-12T10:21:02.982525,1002.2,171.88,115.48,-60.37,-7.32,-8.66,0.0,0.0,0.0,2025-03-12T10:21:02.982525,-1.3572115050176627
322.75,-207.52,923.83,-0.55,0.06,-0.3,0.0,0.0,0.0,2025-03-12T10:21:02.983374,879.88,-112.79,181.15,27.62,-19.09,4.27,,,,2025-03-12T10:21:02.983374,-1.187538417690158
326.42,-206.54,929.2,-0.55,-0.18,0.0,0.0,0.0,0.0,2025-03-12T10:21:02.984059,969.73,158.94,13.67,2.01,-32.13,5.55,0.0,0.0,0.0,2025-03-12T10:21:02.984059,-0.8906521703734303
319.58,-214.84,927.49,-0.3,0.12,-0.43,0.0,0.0,0.0,2025-03-12T10:21:03.079213,1142.82,64.45,-11.96,42.99,12.62,-17.68,0.0,0.0,0.0,2025-03-12T10:21:03.079213,-1.03263378265531
320.8,-206.54,928.22,0.55,0.06,-0.55,0.0,0.0,0.0,2025-03-12T10:21:03.080118,975.1,-63.23,-237.3,64.7,-87.32,37.01,0.0,0.0,0.0,2025-03-12T10:21:03.080118,-0.20171291541162084
327.88,-210.45,926.03,-0.12,-0.18,-0.24,0.0,0.0,0.0,2025-03-12T10:21:03.091016,1000.73,59.33,-24.66,9.27,-7.68,1.04,,,,2025-03-12T10:21:03.091016,-0.1479860893593692
317.14,-209.47,931.88,0.12,0.0,-0.37,0.0,0.0,0.0,2025-03-12T10:21:03.174889,1004.88,96.19,-18.31,4.51,-6.95,-0.06,,,,2025-03-12T10:21:03.174889,-0.10292180084091562
316.16,-214.6,926.27,0.79,0.43,-1.04,,,,2025-03-12T10:21:03.176094,987.06,55.91,-36.38,6.34,-3.6,-0.91,-7.74,-44.37,-30.31,2025-03-12T10:21:03.176094,-0.09531452894952075
318.6,-205.57,927.98,0.43,0.12,-1.1,0.0,0.0,0.0,2025-03-12T10:21:03.198824,987.06,95.95,-50.54,7.26,-9.63,-0.3,,,,2025-03-12T10:21:03.198824,-0.024795536062566015
315.67,-204.83,928.22,-0.18,0.0,-0.73,,,,2025-03-12T10:21:03.280784,998.78,64.45,-45.9,0.49,-3.17,-0.61,,,,2025-03-12T10:21:03.280784,-0.017435569599975054
322.02,-206.54,925.54,-0.12,0.43,-0.98,0.0,0.0,0.0,2025-03-12T10:21:03.281876,1003.17,102.29,-53.71,-0.37,-1.16,-1.4,0.0,0.0,0.0,2025-03-12T10:21:03.281876,-0.03469480469244779
315.92,-211.91,927.98,-0.91,-0.24,-0.24,0.0,0.0,0.0,2025-03-12T10:21:03.475726,995.85,85.94,-49.32,-5.06,-1.65,-0.85,0.0,0.0,0.0,2025-03-12T10:21:03.475726,-0.0420722213092084
319.58,-202.15,932.37,-1.04,-0.18,-0.67,0.0,0.0,0.0,2025-03-12T10:21:03.483644,986.57,86.43,-23.93,-4.27,-1.22,-0.61,,,,2025-03-12T10:21:03.483644,-0.055309646128586465
320.31,-204.1,926.51,-0.79,-0.12,-0.61,0.0,0.0,0.0,2025-03-12T10:21:03.484436,997.56,86.43,-35.89,-4.27,-1.77,-1.22,0.0,0.0,0.0,2025-03-12T10:21:03.484436,-0.0633667043138022
319.09,-211.67,925.54,-0.18,0.18,-0.79,0.0,0.0,0.0,2025-03-12T10:21:03.484968,993.41,92.77,-37.84,-3.72,-3.66,-1.04,0.0,0.0,0.0,2025-03-12T10:21:03.484968,-0.053847565339623316
312.26,-209.72,933.35,0.12,0.43,-0.67,0.0,0.0,0.0,2025-03-12T10:21:03.485520,994.14,89.36,-50.05,-2.32,-1.89,-0.85,0.0,0.0,0.0,2025-03-12T10:21:03.485520,-0.06409930344727499
313.72,-201.42,929.44,-0.37,0.0,-0.67,0.0,0.0,0.0,2025-03-12T10:21:03.495982,989.26,79.59,-42.24,-4.45,-0.73,-0.06,0.0,0.0,0.0,2025-03-12T10:21:03.495982,-0.08189578971934353
316.16,-217.04,930.91,-0.18,0.06,-0.55,,,,2025-03-12T10:21:03.599195,999.27,91.06,-60.55,-8.84,16.95,1.77,0.0,0.0,0.0,2025-03-12T10:21:03.599195,-0.2765714508356716
325.68,-195.56,930.91,-0.18,0.0,-0.49,0.0,0.0,0.0,2025-03-12T10:21:03.599884,1045.9,93.75,-36.38,2.32,-1.77,0.18,0.0,0.0,0.0,2025-03-12T10:21:03.599884,-0.2800652202719327
322.27,-214.6,923.58,-0.3,-0.3,-0.55,0.0,0.0,0.0,2025-03-12T10:21:03.639618,996.34,116.7,-41.5,-9.27,11.4,-3.11,0.0,0.0,0.0,2025-03-12T10:21:03.639618,-0.4043517092941684
322.02,-204.35,928.71,-1.16,-0.98,0.24,0.0,0.0,0.0,2025-03-12T10:21:03.790749,996.09,106.45,-32.23,-6.83,4.09,-1.4,0.0,0.0,0.0,2025-03-12T10:21:03.790749,-0.440932716285408
321.04,-201.17,928.71,-1.65,-1.16,0.18,0.0,0.0,0.0,2025-03-12T10:21:03.791482,931.4,95.95,16.6,13.23,0.91,13.54,0.0,0.0,0.0,2025-03-12T10:21:03.791482,-0.44190690322194115
327.39,-222.9,932.13,-2.07,-1.89,0.67,0.0,0.0,0.0,2025-03-12T10:21:03.792023,937.26,25.15,-1.95,-12.13,-5.73,1.1,0.0,0.0,0.0,2025-03-12T10:21:03.792023,-0.3570935569318259
328.12,-222.66,924.32,-2.32,-2.07,0.91,102.05,-30.03,-117.46,2025-03-12T10:21:03.792483,977.78,44.68,-62.01,-7.74,3.6,0.98,0.0,0.0,0.0,2025-03-12T10:21:03.792483,-0.3573749681942324
326.66,-218.26,918.7,-2.2,-2.26,0.85,0.0,0.0,0.0,2025-03-12T10:21:03.798588,986.08,90.58,-13.43,-10.18,5.91,1.28,0.0,0.0,0.0,2025-03-12T10:21:03.798588,-0.3713698835903845
316.89,-225.34,926.51,-1.95,-1.46,0.91,0.0,0.0,0.0,2025-03-12T10:21:03.889483,1001.22,79.83,2.44,-4.76,0.55,0.67,,,,2025-03-12T10:21:03.889483,-0.3327177266857255
313.96,-235.11,915.28,1.1,-0.18,-0.67,,,,2025-03-12T10:21:03.890680,990.23,26.37,-16.85,-1.28,-4.7,0.18,0.0,0.0,0.0,2025-03-12T10:21:03.890680,-0.2494248840955393
329.1,-200.44,926.27,0.49,0.24,-0.43,0.0,0.0,0.0,2025-03-12T10:21:03.909217,981.69,148.93,-59.81,5.79,-1.22,-0.67,0.0,0.0,0.0,2025-03-12T10:21:03.909217,-0.1993805087012177
327.15,-214.6,926.76,-0.98,-0.85,0.24,,,,2025-03-12T10:21:03.998304,1002.44,70.31,-65.19,-3.11,-0.67,1.71,,,,2025-03-12T10:21:03.998304,-0.14160238115057489
311.77,-216.31,922.85,-2.07,-0.55,0.37,0.0,0.0,0.0,2025-03-12T10:21:03.999239,990.48,93.02,-53.71,-0.98,-0.12,1.71,3.25,-44.63,-52.07,2025-03-12T10:21:03.999239,-0.09774488602997877
321.04,-217.04,927.25,-1.16,-1.22,0.49,-41.49,-71.32,103.62,2025-03-12T10:21:04.100134,1011.96,101.81,-51.76,-0.61,1.59,1.4,0.0,0.0,0.0,2025-03-12T10:21:04.100134,-0.06267914778351091
327.15,-219.73,928.47,-1.83,-2.87,0.85,0.0,0.0,0.0,2025-03-12T10:21:04.100998,980.22,89.6,2.69,-7.68,1.1,4.45,0.0,0.0,0.0,2025-03-12T10:21:04.100998,0.009824195971088301
325.68,-203.61,921.63,-2.2,-0.73,0.24,0.0,0.0,0.0,2025-03-12T10:21:04.101520,1003.42,55.91,-5.86,-0.18,-3.54,2.44,0.0,0.0,0.0,2025-03-12T10:21:04.101520,0.12188504293751912
319.82,-221.19,932.13,-3.11,-0.73,0.55,,,,2025-03-12T10:21:04.510001,1001.46,110.84,-2.93,-7.01,-7.01,4.7,0.0,0.0,0.0,2025-03-12T10:21:04.510001,0.28068559608215793
300.05,-240.72,925.05,-7.56,-0.55,0.49,60.47,-0.85,-12.95,2025-03-12T10:21:04.510789,994.14,15.62,15.62,-0.79,-14.63,5.91,,,,2025-03-12T10:21:04.510789,0.5283208983793166
318.36,-232.67,925.54,-4.33,-0.43,-0.55,0.0,0.0,0.0,2025-03-12T10:21:04.511352,960.69,87.89,12.45,1.65,-17.32,5.61,0.0,0.0,0.0,2025-03-12T10:21:04.511352,0.8076235245107561
344.48,-234.62,919.68,-2.07,-0.06,-1.16,36.45,-1.2,-2.23,2025-03-12T10:21:04.511836,1000.49,82.03,-83.74,6.4,-20.12,5.12,,,,2025-03-12T10:21:04.511836,1.1128232895783956
335.21,-227.54,923.34,-1.83,0.18,-0.98,0.0,0.0,0.0,2025-03-12T10:21:04.512298,1005.62,25.15,-122.8,5.3,-19.94,5.98,0.0,0.0,0.0,2025-03-12T10:21:04.512298,1.424646133317843
339.84,-236.08,921.63,-0.24,0.12,-1.22,,,,2025-03-12T10:21:04.512739,987.06,48.1,-165.04,6.65,-14.7,4.21,0.0,0.0,0.0,2025-03-12T10:21:04.512739,1.6712780175355082
330.57,-244.14,913.57,0.98,-0.24,-0.91,0.0,0.0,0.0,2025-03-12T10:21:04.513173,996.58,51.76,-149.66,-0.12,-8.9,4.63,0.0,0.0,0.0,2025-03-12T10:21:04.513173,1.8564939811920826
353.52,-203.12,972.9,-2.32,-2.26,-0.49,0.0,0.0,0.0,2025-03-12T10:21:04.513590,998.05,30.52,-114.26,3.11,-8.66,2.99,0.0,0.0,0.0,2025-03-12T10:21:04.513590,2.0426159120277187
312.74,-206.54,925.54,4.15,0.55,-1.28,0.0,0.0,0.0,2025-03-12T10:21:04.513994,977.05,80.08,-122.07,1.28,-7.5,4.57,0.0,0.0,0.0,2025-03-12T10:21:04.513994,2.17963329305662
381.59,-237.06,940.92,3.6,5.0,-0.43,0.0,0.0,0.0,2025-03-12T10:21:04.514948,981.93,48.34,-99.85,5.12,-0.85,0.98,0.0,0.0,0.0,2025-03-12T10:21:04.514948,2.19242824737756
335.94,-240.72,910.89,-23.05,-3.41,-1.89,0.0,0.0,0.0,2025-03-12T10:21:04.515413,983.89,10.25,-63.96,2.26,-3.29,0.79,0.0,0.0,0.0,2025-03-12T10:21:04.515413,2.310540111986308
386.96,-246.83,902.1,17.56,12.2,-3.96,,,,2025-03-12T10:21:04.542708,1002.69,17.82,-136.23,12.68,-5.73,-1.89,0.0,0.0,0.0,2025-03-12T10:21:04.542708,2.296536801993204
129.88,-219.48,774.66,7.99,7.87,-1.1,,,,2025-03-12T10:21:04.595378,984.86,117.43,-96.92,4.02,-4.33,-0.37,0.0,0.0,0.0,2025-03-12T10:21:04.595378,2.306972719396745
421.88,-260.5,951.9,30.67,4.57,-14.02,0.0,0.0,0.0,2025-03-12T10:21:04.615888,982.42,-4.39,-131.35,5.85,-4.7,0.73,0.0,0.0,0.0,2025-03-12T10:21:04.615888,2.3345781069964486
401.61,-307.13,874.76,31.77,0.24,-10.43,0.0,0.0,0.0,2025-03-12T10:21:04.655671,982.91,70.56,-152.83,4.82,-1.1,-1.52,0.0,0.0,0.0,2025-03-12T10:21:04.655671,2.35545131619405
254.39,-249.27,897.71,19.21,2.5,-6.22,0.0,0.0,0.0,2025-03-12T10:21:04.691221,998.29,-0.73,-94.97,-4.27,-2.01,0.12,,,,2025-03-12T10:21:04.691221,2.33432630676215
307.13,-122.8,957.76,22.93,0.06,0.06,0.0,0.0,0.0,2025-03-12T10:21:04.727004,990.48,34.91,-142.33,6.22,-3.72,-2.01,,,,2025-03-12T10:21:04.727004,2.350132305643802
316.16,-168.21,933.59,2.26,4.45,5.37,0.0,0.0,0.0,2025-03-12T10:21:04.765938,987.79,62.01,-135.99,-2.07,-1.52,-0.49,0.0,0.0,0.0,2025-03-12T10:21:04.765938,2.3053358501140817
300.05,-263.43,1076.42,-22.32,-44.51,-0.79,,,,2025-03-12T10:21:04.824614,977.54,25.39,-76.17,-3.9,-3.84,-0.24,,,,2025-03-12T10:21:04.824614,2.771747666415046
422.61,-200.93,1060.06,0.43,-9.57,-3.54,,,,2025-03-12T10:21:04.834080,989.99,24.9,-174.56,4.21,-6.04,-2.74,9.62,-27.13,148.63,2025-03-12T10:21:04.834080,2.9110810889003647
348.63,-216.55,930.42,2.38,-4.51,1.34,0.0,0.0,0.0,2025-03-12T10:21:04.872176,990.48,73.73,-188.72,0.18,-2.01,0.37,0.0,0.0,0.0,2025-03-12T10:21:04.872176,2.9607819561828723
395.26,-162.11,942.14,3.66,3.72,4.76,0.0,0.0,0.0,2025-03-12T10:21:04.943141,984.13,85.21,-147.46,-8.66,-0.24,0.67,0.0,0.0,0.0,2025-03-12T10:21:04.943141,2.910167238089631
377.2,-205.32,916.99,0.18,-0.12,3.84,0.0,0.0,0.0,2025-03-12T10:21:04.947895,994.14,35.64,-136.23,-3.9,0.91,0.79,0.0,0.0,0.0,2025-03-12T10:21:04.947895,2.8964553602035368
291.5,-180.66,944.58,3.05,1.34,0.98,0.0,0.0,0.0,2025-03-12T10:21:04.987178,981.2,23.19,-98.14,-5.61,0.37,1.4,0.0,0.0,0.0,2025-03-12T10:21:04.987178,2.8741795881583423
312.5,-193.6,881.1,2.87,5.0,2.26,0.0,0.0,0.0,2025-03-12T10:21:05.053814,979.98,76.42,-89.11,2.99,-5.37,-0.18,0.0,0.0,0.0,2025-03-12T10:21:05.053814,2.874088783888679
324.95,-163.57,923.58,2.87,9.94,-0.43,,,,2025-03-12T10:21:05.123715,1006.59,49.56,-195.8,12.87,-5.12,-1.77,0.0,0.0,0.0,2025-03-12T10:21:05.123715,2.822437739708076
709.23,-492.19,1011.72,-1.77,0.55,8.05,0.0,0.0,0.0,2025-03-12T10:21:05.124850,984.62,88.38,-156.25,-6.59,0.55,3.29,0.0,0.0,0.0,2025-03-12T10:21:05.124850,2.8078750750338486
41.5,-296.88,887.21,-47.93,-7.44,-34.15,0.0,0.0,0.0,2025-03-12T10:21:05.139046,989.75,13.67,-108.89,-4.76,-1.4,2.07,0.0,0.0,0.0,2025-03-12T10:21:05.139046,2.8874503503875752
180.42,-186.04,924.8,-16.16,0.79,7.13,0.0,0.0,0.0,2025-03-12T10:21:05.178440,987.06,-7.81,-158.69,6.22,-2.8,-0.12,0.0,0.0,0.0,2025-03-12T10:21:05.178440,2.903369032325217
336.67,-215.09,951.66,-1.4,6.95,2.8,0.0,0.0,0.0,2025-03-12T10:21:05.237180,980.71,103.52,-155.52,-6.59,0.0,2.62,0.0,0.0,0.0,2025-03-12T10:21:05.237180,2.8287158054247517
295.9,-237.3,951.9,1.89,25.49,0.3,0.0,0.0,0.0,2025-03-12T10:21:05.253141,991.21,10.99,-145.02,3.54,-2.74,1.04,0.0,0.0,0.0,2025-03-12T10:21:05.253141,2.5968052924836282
267.82,-236.57,916.99,-19.57,10.85,6.95,,,,2025-03-12T10:21:05.291399,983.15,62.26,-133.79,-0.98,-2.13,-0.06,0.0,0.0,0.0,2025-03-12T10:21:05.291399,2.505581003042102
306.64,-207.52,919.43,-4.39,6.28,8.96,0.0,0.0,0.0,2025-03-12T10:21:05.325690,980.71,22.46,-137.21,-4.33,-2.32,1.59,,,,2025-03-12T10:21:05.325690,2.4608566595811503
302.0,-192.87,948.0,4.51,19.51,13.84,0.0,0.0,0.0,2025-03-12T10:21:05.376829,988.04,26.12,-162.11,7.5,-3.78,-1.28,-11.89,36.84,37.43,2025-03-12T10:21:05.376829,2.2987480182649724
219.48,-176.76,917.72,5.43,34.02,7.44,0.0,0.0,0.0,2025-03-12T10:21:05.401479,989.5,43.46,-177.73,-0.73,-1.59,1.16,0.0,0.0,0.0,2025-03-12T10:21:05.401479,1.967520368851364
189.45,-372.31,893.31,1.46,71.71,5.06,0.0,0.0,0.0,2025-03-12T10:21:05.439089,990.48,36.62,-131.1,-3.84,-0.79,0.06,0.0,0.0,0.0,2025-03-12T10:21:05.439089,1.2490675775918199
210.94,-155.27,1020.02,-6.1,90.24,-0.06,0.0,0.0,0.0,2025-03-12T10:21:05.521124,989.75,36.38,-163.82,4.02,-2.8,-1.71,0.0,0.0,0.0,2025-03-12T10:21:05.521124,0.3659705925596022
130.86,-230.22,926.03,-1.83,84.63,5.79,0.0,0.0,0.0,2025-03-12T10:21:05.522106,993.16,24.41,-172.85,-4.09,-1.65,0.12,-12.32,60.74,96.38,2025-03-12T10:21:05.522106,-0.47512028160482345
80.08,-256.35,1001.71,-5.73,77.13,7.56,-17.12,28.7,-19.68,2025-03-12T10:21:05.550830,987.79,13.92,-139.65,-0.67,-2.87,0.43,25.78,80.33,162.12,2025-03-12T10:21:05.550830,-1.2294931632880193
-155.27,-338.87,789.55,-14.94,67.01,2.8,0.0,0.0,0.0,2025-03-12T10:21:05.588164,993.16,31.01,-185.3,1.52,-1.71,-1.71,0.0,0.0,0.0,2025-03-12T10:21:05.588164,-1.8942638539553087
-85.21,-259.03,992.19,13.6,75.98,-2.93,,,,2025-03-12T10:21:05.624235,991.94,67.14,-150.88,-7.44,0.12,0.43,0.0,0.0,0.0,2025-03-12T10:21:05.624235,-2.6671911811907254
-230.47,-191.65,979.49,6.46,70.91,-4.39,,,,2025-03-12T10:21:05.661331,979.0,5.86,-143.8,-3.05,-2.74,-0.49,0.0,0.0,0.0,2025-03-12T10:21:05.661331,-3.3613438554498103
-94.48,-86.91,1154.3,16.16,52.07,11.65,,,,2025-03-12T10:21:05.697260,976.81,39.06,-159.18,0.98,-2.68,-1.71,0.0,0.0,0.0,2025-03-12T10:21:05.697260,-3.8669432105714545
-83.74,-165.53,1089.84,12.87,33.48,2.32,0.0,0.0,0.0,2025-03-12T10:21:05.734105,978.03,79.59,-155.03,-3.6,-0.3,-0.55,0.0,0.0,0.0,2025-03-12T10:21:05.734105,-4.211238640696958
-142.58,-189.7,961.67,12.74,39.33,6.22,0.0,0.0,0.0,2025-03-12T10:21:05.804655,983.15,23.93,-145.02,1.89,-3.6,-0.67,0.0,0.0,0.0,2025-03-12T10:21:05.804655,-4.580056809725889
-211.67,-190.43,965.33,-12.32,17.8,-4.88,0.0,0.0,0.0,2025-03-12T10:21:05.810623,991.21,25.63,-174.32,-0.18,-1.4,-0.37,0.0,0.0,0.0,2025-03-12T10:21:05.810623,-4.7564225427012605
-249.02,-184.81,1106.93,-38.05,16.52,2.32,0.0,0.0,0.0,2025-03-12T10:21:05.848870,976.81,43.7,-156.01,-2.44,-0.43,-0.79,0.0,0.0,0.0,2025-03-12T10:21:05.848870,-4.928675818026093
-199.95,-167.72,921.63,-18.84,39.33,-0.61,0.0,0.0,0.0,2025-03-12T10:21:05.884099,996.58,15.14,-157.23,0.0,-2.13,-0.91,,,,2025-03-12T10:21:05.884099,-5.311853022616148
-276.12,-230.22,917.24,-4.82,47.56,-0.98,,,,2025-03-12T10:21:05.918943,984.86,50.05,-176.03,1.28,-0.37,-1.83,,,,2025-03-12T10:21:05.918943,-5.794638244272559
-251.71,-274.41,951.66,-11.89,50.49,-3.23,-164.41,-56.25,88.66,2025-03-12T10:21:05.955273,996.83,46.63,-154.79,-4.27,-0.12,-1.1,0.0,0.0,0.0,2025-03-12T10:21:05.955273,-6.309039648390206
-351.81,-265.38,863.28,-20.61,69.7,-4.63,0.0,0.0,0.0,2025-03-12T10:21:05.994085,985.6,31.25,-162.35,-2.38,-2.5,-1.46,0.0,0.0,0.0,2025-03-12T10:21:05.994085,-6.991598057006502
-526.12,-221.92,1191.41,-14.02,25.79,4.88,,,,2025-03-12T10:21:06.031178,969.48,59.33,-162.6,-2.32,-1.71,-1.22,0.0,0.0,0.0,2025-03-12T10:21:06.031178,-7.2440290652995785
-83.5,-515.14,68.6,-193.48,14.09,-89.57,0.0,0.0,0.0,2025-03-12T10:21:06.069105,990.72,117.92,-160.4,1.22,-2.07,-3.96,0.0,0.0,0.0,2025-03-12T10:21:06.069105,-7.342929484258644
-323.0,-230.71,894.78,-25.24,134.09,-13.05,0.0,0.0,0.0,2025-03-12T10:21:06.107140,972.41,39.55,-169.68,-2.62,0.3,0.18,0.0,0.0,0.0,2025-03-12T10:21:06.107140,-8.68643353488726
29.05,-1629.88,781.25,-42.62,-91.22,-97.68,0.0,0.0,0.0,2025-03-12T10:21:06.173769,979.49,85.21,-163.57,-1.83,0.55,-1.95,,,,2025-03-12T10:21:06.173769,-7.726779554109996
-4.15,702.15,-186.04,436.65,7.2,-285.67,0.0,0.0,0.0,2025-03-12T10:21:06.182173,992.43,30.52,-158.94,-3.54,-0.85,-0.37,0.0,0.0,0.0,2025-03-12T10:21:06.182173,-7.700432271611971
357.91,587.4,1763.43,865.49,-84.57,157.68,0.0,0.0,0.0,2025-03-12T10:21:06.220615,973.88,57.37,-166.75,1.04,-0.73,-1.04,0.0,0.0,0.0,2025-03-12T10:21:06.220615,-6.73132579213617
-115.48,-66.16,784.42,245.37,10.49,304.88,0.0,0.0,0.0,2025-03-12T10:21:06.380361,987.79,38.09,-153.56,1.28,-0.98,-0.85,0.0,0.0,0.0,2025-03-12T10:21:06.380361,-6.275842079525992
85.45,689.94,1034.18,6.4,-141.65,-39.02,0.0,0.0,0.0,2025-03-12T10:21:06.381138,979.98,58.59,-174.07,-1.46,-1.95,-0.67,0.0,0.0,0.0,2025-03-12T10:21:06.381138,-4.950882147387393
-213.13,630.37,1017.82,-323.05,-8.78,60.06,0.0,0.0,0.0,2025-03-12T10:21:06.381697,992.19,36.13,-147.46,-0.67,-1.04,-1.46,0.0,0.0,0.0,2025-03-12T10:21:06.381697,-4.7466746723469875
238.04,866.21,846.19,-12.87,-28.72,-93.72,,,,2025-03-12T10:21:06.382216,981.69,54.69,-169.19,1.16,-1.89,-0.98,,,,2025-03-12T10:21:06.382216,-4.582599832558403
-14.89,178.71,586.43,161.34,3.41,135.49,0.0,0.0,0.0,2025-03-12T10:21:06.417422,975.83,52.25,-179.93,0.73,-1.71,0.06,,,,2025-03-12T10:21:06.417422,-4.377515530003306
-223.63,22.95,606.45,-204.27,-151.95,58.17,0.0,0.0,0.0,2025-03-12T10:21:06.462859,980.22,53.71,-173.34,0.73,-1.22,-0.12,0.0,0.0,0.0,2025-03-12T10:21:06.462859,-2.7728609249981346
93.26,238.77,1193.85,-495.98,-130.43,100.85,0.0,0.0,0.0,2025-03-12T10:21:06.524979,986.33,32.47,-180.18,1.46,-1.46,0.12,0.0,0.0,0.0,2025-03-12T10:21:06.524979,-1.3590281510283653
100.59,271.73,1429.69,-245.37,-240.91,283.9,0.0,0.0,0.0,2025-03-12T10:21:06.525193,979.0,54.44,-185.79,1.71,-0.98,0.12,0.0,0.0,0.0,2025-03-12T10:21:06.525193,1.1671250837751312
527.1,57.13,594.97,-80.79,-16.89,17.32,0.0,0.0,0.0,2025-03-12T10:21:06.559403,990.23,35.16,-174.32,-0.12,-1.1,0.85,0.0,0.0,0.0,2025-03-12T10:21:06.559403,1.3500778241851918
187.5,140.14,449.46,-223.48,47.07,15.12,0.0,0.0,0.0,2025-03-12T10:21:06.628214,979.74,47.36,-161.38,-1.71,-0.98,1.52,0.0,0.0,0.0,2025-03-12T10:21:06.628214,0.8876451114800759
169.43,-252.2,999.27,-133.84,-11.4,32.26,0.0,0.0,0.0,2025-03-12T10:21:06.638969,981.2,47.12,-142.58,-0.3,-0.98,0.12,0.0,0.0,0.0,2025-03-12T10:21:06.638969,0.9976900537779851
339.11,47.12,775.15,144.94,-21.34,-5.67,0.0,0.0,0.0,2025-03-12T10:21:06.674063,990.48,22.71,-184.57,2.26,-2.26,0.85,,,,2025-03-12T10:21:06.674063,1.2367798233451843
352.78,0.98,908.69,-27.5,-12.26,-2.99,0.0,0.0,0.0,2025-03-12T10:21:06.734192,970.46,87.16,-181.88,0.55,-0.85,1.16,0.0,0.0,0.0,2025-03-12T10:21:06.734192,1.374320290138174
301.27,34.91,1033.45,-99.57,2.74,43.48,0.0,0.0,0.0,2025-03-12T10:21:06.751961,975.34,53.47,-162.84,-2.93,-0.61,1.65,0.0,0.0,0.0,2025-03-12T10:21:06.751961,1.3397764641124859
328.12,-206.79,944.34,-97.38,16.65,12.93,0.0,0.0,0.0,2025-03-12T10:21:06.833846,979.0,16.36,-178.71,2.01,-0.91,1.4,0.0,0.0,0.0,2025-03-12T10:21:06.833846,1.1818809051817407
301.76,-258.3,940.43,-51.77,6.77,2.8,,,,2025-03-12T10:21:06.834467,970.95,73.24,-185.79,-3.23,-1.77,2.32,0.0,0.0,0.0,2025-03-12T10:21:06.834467,1.1364000456665426
281.25,-232.18,937.99,-14.15,0.49,-0.37,,,,2025-03-12T10:21:06.861038,987.3,20.02,-169.68,2.26,-1.4,1.22,0.0,0.0,0.0,2025-03-12T10:21:06.861038,1.1529455955641943
271.73,-238.28,939.7,10.55,-1.22,1.83,0.0,0.0,0.0,2025-03-12T10:21:06.952594,978.27,32.96,-169.92,0.91,-1.83,2.5,0.0,0.0,0.0,2025-03-12T10:21:06.952594,1.188599070489289
299.07,-199.22,928.96,42.26,-1.52,5.98,0.0,0.0,0.0,2025-03-12T10:21:06.953450,983.4,29.79,-208.74,2.68,-2.07,0.91,,,,2025-03-12T10:21:06.953450,1.2275801986534862
290.28,-187.26,941.65,40.24,-3.96,2.26,0.0,0.0,0.0,2025-03-12T10:21:06.969215,989.75,31.25,-172.61,-2.99,-1.16,2.01,,,,2025-03-12T10:21:06.969215,1.2836219338976864
294.43,-152.1,931.4,44.39,-6.16,-0.67,0.0,0.0,0.0,2025-03-12T10:21:07.038506,973.88,13.43,-179.44,-0.98,-2.07,1.1,0.0,0.0,0.0,2025-03-12T10:21:07.038506,1.3726581795656951
312.26,-151.61,879.15,13.35,0.73,-0.12,0.0,0.0,0.0,2025-03-12T10:21:07.048439,975.1,36.13,-198.49,-0.3,-0.98,-0.06,0.0,0.0,0.0,2025-03-12T10:21:07.048439,1.3831611167651765
305.91,-133.06,964.36,10.91,2.56,-13.6,0.0,0.0,0.0,2025-03-12T10:21:07.136850,989.75,37.6,-186.28,-3.78,-0.37,1.34,0.0,0.0,0.0,2025-03-12T10:21:07.136850,1.3764671770635086
281.49,-156.98,991.7,-5.3,-1.4,0.18,0.0,0.0,0.0,2025-03-12T10:21:07.140320,988.28,22.95,-168.95,-1.1,-1.89,0.61,0.0,0.0,0.0,2025-03-12T10:21:07.140320,1.4164533737237797
288.82,-135.25,980.22,-13.05,-5.24,-3.6,,,,2025-03-12T10:21:07.165666,983.4,10.25,-178.47,-0.73,-1.89,0.24,0.0,0.0,0.0,2025-03-12T10:21:07.165666,1.4946925640140112
312.26,-124.76,926.03,9.02,-7.26,0.79,-48.38,-54.89,84.88,2025-03-12T10:21:07.251741,984.13,46.14,-185.79,0.49,-2.44,-0.91,0.0,0.0,0.0,2025-03-12T10:21:07.251741,1.5958866059630452
316.65,-158.69,939.94,6.77,-10.67,0.06,0.0,0.0,0.0,2025-03-12T10:21:07.252653,982.18,23.68,-197.27,-1.22,-2.01,-0.12,0.0,0.0,0.0,2025-03-12T10:21:07.252653,1.7267078065881432
341.31,-12.21,1034.67,-4.94,-5.85,-2.07,,,,2025-03-12T10:21:07.277027,981.45,43.21,-186.52,-0.37,-1.28,0.3,0.0,0.0,0.0,2025-03-12T10:21:07.277027,1.8018634049103026
335.21,-65.43,888.18,-13.66,-5.85,-8.05,0.0,0.0,0.0,2025-03-12T10:21:07.345924,979.49,36.13,-182.13,-1.16,-0.37,0.24,0.0,0.0,0.0,2025-03-12T10:21:07.345924,1.8685365994221517
381.59,-272.95,929.2,-23.48,-2.87,-5.73,0.0,0.0,0.0,2025-03-12T10:21:07.352925,983.89,34.42,-159.42,0.55,-1.83,0.0,0.0,0.0,0.0,2025-03-12T10:21:07.352925,1.9121403114321502
260.25,-158.69,950.2,-20.98,3.41,-2.68,0.0,0.0,0.0,2025-03-12T10:21:07.445500,983.89,43.7,-207.28,1.52,-1.77,0.06,0.0,0.0,0.0,2025-03-12T10:21:07.445500,1.8821571911648594
239.01,-327.88,922.61,-10.3,1.59,1.16,0.0,0.0,0.0,2025-03-12T10:21:07.449340,972.17,35.89,-191.89,-0.73,-1.16,0.61,0.0,0.0,0.0,2025-03-12T10:21:07.449340,1.8531984721883488
314.21,-154.3,928.22,-2.99,-2.44,-1.83,0.0,0.0,0.0,2025-03-12T10:21:07.462701,996.83,31.25,-174.07,-2.99,-2.68,0.73,,,,2025-03-12T10:21:07.462701,1.874505859965895
325.44,-209.47,937.01,-10.12,1.34,-2.26,0.0,0.0,0.0,2025-03-12T10:21:07.555962,979.98,34.67,-212.16,3.9,-1.46,-0.3,0.0,0.0,0.0,2025-03-12T10:21:07.555962,1.8403181281067225
342.53,-134.52,940.67,-0.91,-5.0,2.32,0.0,0.0,0.0,2025-03-12T10:21:07.556855,981.2,45.17,-185.79,-2.01,-0.55,0.85,0.0,0.0,0.0,2025-03-12T10:21:07.556855,1.8491807182997784
309.81,-167.97,931.88,-7.87,-1.65,3.05,0.0,0.0,0.0,2025-03-12T10:21:07.575013,984.62,23.68,-174.32,0.37,-1.34,0.73,0.0,0.0,0.0,2025-03-12T10:21:07.575013,1.8253565128379785
348.63,-144.53,947.51,-20.91,6.89,-2.87,,,,2025-03-12T10:21:07.655774,973.63,29.05,-221.92,3.17,-0.67,-0.61,0.0,0.0,0.0,2025-03-12T10:21:07.655774,1.7100057682291814
316.41,-206.54,910.89,-10.18,1.28,-0.91,0.0,0.0,0.0,2025-03-12T10:21:07.656704,983.4,42.24,-173.58,-2.44,0.43,1.04,0.0,0.0,0.0,2025-03-12T10:21:07.656704,1.6342252947942946
329.35,-233.64,903.81,-6.59,4.33,-0.24,60.34,-16.95,-88.77,2025-03-12T10:21:07.684092,967.04,13.18,-166.26,0.3,-0.12,0.73,,,,2025-03-12T10:21:07.684092,1.5296221197280397
315.19,-219.48,927.25,-1.59,1.34,4.76,,,,2025-03-12T10:21:07.860297,980.96,12.94,-215.58,2.13,-1.4,-0.79,,,,2025-03-12T10:21:07.860297,1.4628343795992702
312.26,-204.59,934.08,6.1,0.79,3.9,,,,2025-03-12T10:21:07.861376,979.25,50.29,-200.68,-0.98,-0.61,0.12,0.0,0.0,0.0,2025-03-12T10:21:07.861376,1.3924430592529689
346.44,-247.31,910.89,8.35,0.73,-0.73,0.0,0.0,0.0,2025-03-12T10:21:07.862570,988.77,17.33,-192.14,-0.3,-1.04,-0.37,,,,2025-03-12T10:21:07.862570,1.3269358062430356
332.52,-197.02,934.57,-0.67,-1.59,0.67,0.0,0.0,0.0,2025-03-12T10:21:07.863106,983.15,-2.2,-174.56,0.18,-2.2,0.43,0.0,0.0,0.0,2025-03-12T10:21:07.863106,1.2899911287331154
284.42,-207.03,923.58,0.79,-2.44,-1.34,0.0,0.0,0.0,2025-03-12T10:21:07.863703,977.05,28.81,-217.04,4.57,-1.4,-1.28,19.55,11.32,111.24,2025-03-12T10:21:07.863703,1.2508710769326523
255.62,-168.21,926.03,-8.29,-0.37,-5.3,,,,2025-03-12T10:21:07.900597,974.85,35.4,-208.25,-1.4,-0.91,-0.06,0.0,0.0,0.0,2025-03-12T10:21:07.900597,1.1820956427902525
335.21,-202.64,927.98,-7.01,-0.55,0.43,159.34,-63.46,-130.29,2025-03-12T10:21:07.956932,979.25,24.9,-211.18,2.2,-1.1,-0.79,0.0,0.0,0.0,2025-03-12T10:21:07.956932,1.1106981032300398
334.23,-199.22,918.7,-3.41,-0.91,-5.98,0.0,0.0,0.0,2025-03-12T10:21:07.979790,976.07,36.38,-196.78,-0.79,-0.55,-0.67,0.0,0.0,0.0,2025-03-12T10:21:07.979790,1.0417063234815043
339.6,-223.39,931.15,0.18,-1.46,-2.62,0.0,0.0,0.0,2025-03-12T10:21:08.059076,979.25,26.37,-199.22,3.23,-1.22,-1.71,0.0,0.0,0.0,2025-03-12T10:21:08.059076,0.9695834539948418
338.62,-208.74,925.05,0.85,-2.87,2.62,0.0,0.0,0.0,2025-03-12T10:21:08.059605,984.13,38.33,-202.15,0.06,-0.37,-0.85,,,,2025-03-12T10:21:08.059605,0.9082622122441828
329.1,-221.68,920.9,3.17,-2.68,-0.06,0.0,0.0,0.0,2025-03-12T10:21:08.182399,974.37,11.96,-203.61,1.4,-0.49,-0.98,0.0,0.0,0.0,2025-03-12T10:21:08.182399,0.8486452045931978
301.03,-303.71,1066.16,3.72,1.95,0.49,,,,2025-03-12T10:21:08.183323,964.6,43.7,-206.79,1.16,0.12,-1.71,0.0,0.0,0.0,2025-03-12T10:21:08.183323,0.7464868483008695
304.2,-210.69,928.47,10.49,5.0,2.13,0.0,0.0,0.0,2025-03-12T10:21:08.184020,965.58,21.97,-198.73,-2.74,-0.67,-1.4,0.0,0.0,0.0,2025-03-12T10:21:08.184020,0.6251461656484301
324.71,-174.32,934.33,3.84,5.98,4.51,0.0,0.0,0.0,2025-03-12T10:21:08.203199,980.96,39.55,-211.43,1.77,-0.55,-2.44,0.0,0.0,0.0,2025-03-12T10:21:08.203199,0.5050489958518547
318.12,-181.4,916.02,-4.15,4.15,1.59,0.0,0.0,0.0,2025-03-12T10:21:08.268886,973.14,10.5,-188.72,-1.95,0.37,-2.01,0.0,0.0,0.0,2025-03-12T10:21:08.268886,0.39825737899739444
318.12,-193.85,929.93,2.2,1.89,2.2,0.0,0.0,0.0,2025-03-12T10:21:08.281351,986.33,21.97,-191.16,2.13,-0.61,-2.74,,,,2025-03-12T10:21:08.281351,0.3252736734789643
318.12,-164.31,930.91,2.5,-0.61,0.55,0.0,0.0,0.0,2025-03-12T10:21:08.365533,974.85,60.06,-207.03,-1.71,0.0,-2.68,,,,2025-03-12T10:21:08.365533,0.2744188491542232
321.04,-163.82,946.04,0.37,1.1,-0.55,0.0,0.0,0.0,2025-03-12T10:21:08.370199,984.62,37.11,-178.22,-3.23,-0.43,-1.89,0.0,0.0,0.0,2025-03-12T10:21:08.370199,0.2273082076864794
322.51,-203.61,932.86,0.49,0.85,-1.16,,,,2025-03-12T10:21:08.389174,979.98,5.13,-201.17,2.13,-0.37,-3.6,0.0,0.0,0.0,2025-03-12T10:21:08.389174,0.1974939086766394
315.43,-180.42,932.37,0.43,1.52,-1.71,0.0,0.0,0.0,2025-03-12T10:21:08.473536,989.5,52.49,-203.86,1.4,-0.73,-3.29,0.0,0.0,0.0,2025-03-12T10:21:08.473536,0.19017140986512437
338.87,-166.75,914.06,-1.04,-1.77,0.24,0.0,0.0,0.0,2025-03-12T10:21:08.474323,974.37,69.09,-209.72,-3.78,0.12,-2.2,0.0,0.0,0.0,2025-03-12T10:21:08.474323,0.20709373614575632
319.58,-190.43,951.9,-2.26,-2.74,0.06,,,,2025-03-12T10:21:08.500614,977.05,42.72,-176.51,-5.06,0.67,-1.77,0.0,0.0,0.0,2025-03-12T10:21:08.500614,0.22340399498363173
309.81,-182.62,935.3,-0.37,-0.43,-0.49,,,,2025-03-12T10:21:08.573131,982.18,52.49,-189.94,-5.85,0.24,-2.62,0.0,0.0,0.0,2025-03-12T10:21:08.573131,0.22276145186762353
301.76,-177.49,939.21,0.67,-0.06,-0.98,,,,2025-03-12T10:21:08.574004,989.5,37.35,-192.38,-5.3,-1.04,-2.38,0.0,0.0,0.0,2025-03-12T10:21:08.574004,0.233730580451323
336.43,-169.68,925.54,1.22,0.49,-0.37,0.0,0.0,0.0,2025-03-12T10:21:08.611103,978.27,32.71,-204.35,-2.32,-0.98,-2.38,0.0,0.0,0.0,2025-03-12T10:21:08.611103,0.23947352665910415
279.54,-311.52,917.97,2.8,0.12,2.87,0.0,0.0,0.0,2025-03-12T10:21:08.681260,979.98,74.46,-214.84,-1.34,-0.61,-2.5,0.0,0.0,0.0,2025-03-12T10:21:08.681260,0.24193077187678824
312.26,-135.99,938.48,-10.73,1.16,-3.23,0.0,0.0,0.0,2025-03-12T10:21:08.686002,973.88,73.0,-229.49,-5.18,1.52,-0.49,0.0,0.0,0.0,2025-03-12T10:21:08.686002,0.21490262714152486
325.2,-222.41,930.91,-4.63,1.28,-2.01,0.0,0.0,0.0,2025-03-12T10:21:08.779317,989.75,49.8,-198.24,-6.22,2.07,-1.04,0.0,0.0,0.0,2025-03-12T10:21:08.779317,0.1797930250678732
292.24,-131.35,940.19,-2.74,1.28,-0.73,,,,2025-03-12T10:21:08.780224,981.69,46.39,-158.94,-5.0,1.4,0.18,0.0,0.0,0.0,2025-03-12T10:21:08.780224,0.1594142538904011
314.94,-223.88,946.29,-3.35,-1.95,-1.4,12.97,12.58,-77.05,2025-03-12T10:21:08.798814,985.6,50.05,-177.25,1.1,-0.67,-1.95,0.0,0.0,0.0,2025-03-12T10:21:08.798814,0.20604690898392874
320.56,-192.87,941.16,-9.57,-4.51,2.07,12.97,12.58,-77.05,2025-03-12T10:21:08.878428,981.2,69.34,-203.12,-1.46,0.55,-1.16,0.0,0.0,0.0,2025-03-12T10:21:08.878428,0.26252730271187286
293.21,-214.84,927.73,-3.23,-0.37,-0.43,,,,2025-03-12T10:21:08.879202,971.19,72.02,-215.58,-9.88,1.83,-0.61,0.0,0.0,0.0,2025-03-12T10:21:08.879202,0.2673089402870028
307.13,-211.67,923.1,-3.23,-0.18,-0.24,,,,2025-03-12T10:21:08.906130,983.64,31.01,-184.33,-6.95,0.98,-0.67,0.0,0.0,0.0,2025-03-12T10:21:08.906130,0.2791911492743955
340.82,-150.15,906.74,3.41,0.91,-0.67,0.0,0.0,0.0,2025-03-12T10:21:08.986405,989.26,53.96,-187.26,-0.55,-0.43,-1.59,,,,2025-03-12T10:21:08.986405,0.29299060517811526
315.67,-178.71,932.86,-0.49,-1.04,-0.91,0.0,0.0,0.0,2025-03-12T10:21:08.987018,969.73,71.29,-203.86,-2.68,-0.18,-0.85,0.0,0.0,0.0,2025-03-12T10:21:08.987018,0.3218158704967644
304.93,-186.77,935.3,-0.85,-0.61,-0.37,0.0,0.0,0.0,2025-03-12T10:21:09.019252,980.71,82.76,-191.65,-6.4,2.07,-0.91,0.0,0.0,0.0,2025-03-12T10:21:09.019252,0.32180823810051873
314.21,-198.73,933.84,-1.28,-0.18,0.12,0.0,0.0,0.0,2025-03-12T10:21:09.085748,976.07,54.69,-204.1,-8.35,2.56,-0.43,,,,2025-03-12T10:21:09.085748,0.31133838625212373
318.85,-204.1,935.79,-0.55,0.12,-0.3,,,,2025-03-12T10:21:09.090008,981.93,53.47,-190.67,-9.45,2.8,-0.73,,,,2025-03-12T10:21:09.090008,0.28792280774024714
322.75,-188.23,928.47,0.37,-0.12,-0.49,,,,2025-03-12T10:21:09.124070,987.55,44.68,-194.58,-9.45,3.96,-1.71,0.0,0.0,0.0,2025-03-12T10:21:09.124070,0.25608391410086284
306.88,-185.79,931.4,-0.18,0.49,-0.55,,,,2025-03-12T10:21:09.194047,975.1,72.27,-167.24,-7.68,3.35,-2.01,0.0,0.0,0.0,2025-03-12T10:21:09.194047,0.22397483088743986
315.43,-184.57,938.72,-1.34,0.06,-0.55,0.0,0.0,0.0,2025-03-12T10:21:09.202964,993.65,64.21,-185.3,-1.16,1.46,-3.84,0.0,0.0,0.0,2025-03-12T10:21:09.202964,0.217188118726642
302.25,-183.59,929.44,-3.17,-0.06,0.06,,,,2025-03-12T10:21:09.288317,970.95,104.74,-166.02,-8.05,2.99,-1.22,0.0,0.0,0.0,2025-03-12T10:21:09.288317,0.20367178811292952
318.85,-201.9,929.44,-3.66,0.43,-0.43,,,,2025-03-12T10:21:09.309188,985.35,29.3,-175.05,-5.91,0.06,-1.71,0.0,0.0,0.0,2025-03-12T10:21:09.309188,0.21539539201388536
298.34,-195.8,940.67,-3.05,-0.12,-0.06,0.0,0.0,0.0,2025-03-12T10:21:09.310175,978.76,109.13,-179.93,-12.68,2.2,-0.91,0.0,0.0,0.0,2025-03-12T10:21:09.310175,0.20998110330175734
320.31,-214.84,932.13,-3.54,0.3,0.0,,,,2025-03-12T10:21:09.395651,986.57,43.46,-181.15,-7.38,1.65,-2.56,,,,2025-03-12T10:21:09.395651,0.20712044534948504
318.36,-198.0,934.33,-1.89,0.43,-0.73,,,,2025-03-12T10:21:09.396650,964.6,83.5,-172.85,-9.94,1.65,-2.32,0.0,0.0,0.0,2025-03-12T10:21:09.396650,0.20349615313144387
314.94,-217.29,928.22,-1.34,0.43,-0.85,0.0,0.0,0.0,2025-03-12T10:21:09.418463,979.98,90.82,-156.74,-12.13,3.35,-2.32,0.0,0.0,0.0,2025-03-12T10:21:09.418463,0.18331307877282477
307.13,-181.88,949.46,-2.74,0.0,-0.12,0.0,0.0,0.0,2025-03-12T10:21:09.495577,990.72,87.16,-147.95,-10.55,1.71,-2.13,0.0,0.0,0.0,2025-03-12T10:21:09.495577,0.1830251440279005
321.04,-211.18,926.27,-5.0,-0.49,0.24,,,,2025-03-12T10:21:09.496616,982.67,76.42,-171.63,-7.87,1.28,-2.87,0.0,0.0,0.0,2025-03-12T10:21:09.496616,0.19127825876297955
305.91,-214.84,929.44,-4.45,-0.55,0.06,0.0,0.0,0.0,2025-03-12T10:21:09.529326,964.84,79.1,-155.76,-14.33,1.71,-0.98,0.0,0.0,0.0,2025-03-12T10:21:09.529326,0.1940132755448003
287.84,-236.08,929.44,-1.89,0.49,-1.1,0.0,0.0,0.0,2025-03-12T10:21:09.596452,971.19,73.97,-145.02,-8.54,1.1,-2.74,0.0,0.0,0.0,2025-03-12T10:21:09.596452,0.19368172714672482
302.25,-207.76,919.19,0.67,0.18,-1.16,0.0,0.0,0.0,2025-03-12T10:21:09.605164,984.86,100.59,-134.28,0.43,-0.61,-3.29,0.0,0.0,0.0,2025-03-12T10:21:09.605164,0.21288064618458424
309.57,-214.11,933.11,0.85,-0.12,-0.55,,,,2025-03-12T10:21:09.643419,978.76,97.41,-162.11,-2.38,-0.12,-1.89,0.0,0.0,0.0,2025-03-12T10:21:09.643419,0.22785156995147293
298.58,-223.63,927.49,0.98,0.24,-0.55,,,,2025-03-12T10:21:09.702971,979.49,95.21,-168.7,-1.04,1.22,-2.5,0.0,0.0,0.0,2025-03-12T10:21:09.702971,0.22532433097779858
314.45,-217.77,931.15,1.04,-0.43,-0.12,0.0,0.0,0.0,2025-03-12T10:21:09.716294,995.61,150.88,-140.38,-3.17,1.28,-3.29,0.0,0.0,0.0,2025-03-12T10:21:09.716294,0.22573158004189509
305.18,-201.66,930.91,-0.06,-0.98,-0.24,0.0,0.0,0.0,2025-03-12T10:21:09.805179,993.65,102.05,-136.72,-2.87,3.29,-1.71,,,,2025-03-12T10:21:09.805179,0.2109905583701508
307.62,-215.09,934.57,-1.52,-0.91,0.37,0.0,0.0,0.0,2025-03-12T10:21:09.805598,969.97,104.25,-164.06,-0.73,2.99,-2.26,0.0,0.0,0.0,2025-03-12T10:21:09.805598,0.19872807957613947
314.45,-209.47,932.37,-0.24,-0.49,0.37,,,,2025-03-12T10:21:09.827501,976.07,106.2,-145.26,-5.85,3.35,-0.67,0.0,0.0,0.0,2025-03-12T10:21:09.827501,0.17774740254501875
306.64,-208.74,926.27,-0.06,-0.67,0.67,0.0,0.0,0.0,2025-03-12T10:21:09.909200,973.39,97.41,-138.92,-3.29,1.95,-0.85,0.0,0.0,0.0,2025-03-12T10:21:09.909200,0.17273958623328856
304.44,-203.61,929.2,0.43,-0.49,0.24,,,,2025-03-12T10:21:09.909558,983.4,86.18,-123.05,4.02,0.0,-2.26,0.0,0.0,0.0,2025-03-12T10:21:09.909558,0.1873398328532181
308.11,-230.47,936.28,6.22,2.99,-1.95,0.0,0.0,0.0,2025-03-12T10:21:09.941209,984.38,97.41,-161.62,9.76,-0.3,-3.84,0.0,0.0,0.0,2025-03-12T10:21:09.941209,0.17383212056765807
317.38,-201.9,924.8,1.52,-0.18,-0.67,,,,2025-03-12T10:21:10.008580,984.38,131.59,-156.49,1.52,0.91,-1.4,,,,2025-03-12T10:21:10.008580,0.17732953050420797
328.12,-194.82,920.65,0.55,-0.43,-0.18,0.0,0.0,0.0,2025-03-12T10:21:10.012983,984.86,96.19,-162.6,3.35,3.23,-2.56,0.0,0.0,0.0,2025-03-12T10:21:10.012983,0.16062175667697787
297.61,-218.26,930.42,0.18,-0.43,0.18,0.0,0.0,0.0,2025-03-12T10:21:10.050602,976.56,111.33,-120.36,-1.1,2.44,-1.34,0.0,0.0,0.0,2025-03-12T10:21:10.050602,0.15018154622519653
304.44,-221.44,924.56,1.65,-0.24,-0.79,0.0,0.0,0.0,2025-03-12T10:21:10.111121,993.65,73.73,-140.38,4.21,0.61,-1.95,0.0,0.0,0.0,2025-03-12T10:21:10.111121,0.1569298462185973
299.07,-219.97,946.29,1.4,-0.37,-0.3,0.0,0.0,0.0,2025-03-12T10:21:10.126032,966.31,127.2,-147.46,0.0,0.55,-0.85,0.0,0.0,0.0,2025-03-12T10:21:10.126032,0.16394472312826736
313.72,-179.93,929.2,0.73,-0.24,-0.3,0.0,0.0,0.0,2025-03-12T10:21:10.213986,975.34,130.13,-160.89,-2.74,0.0,-0.79,0.0,0.0,0.0,2025-03-12T10:21:10.213986,0.17515298199493046
313.48,-219.73,937.5,0.61,-0.49,0.24,,,,2025-03-12T10:21:10.214460,980.47,96.44,-138.18,2.13,1.65,-1.59,0.0,0.0,0.0,2025-03-12T10:21:10.214460,0.17275838899077378
317.63,-217.29,924.32,1.1,-0.3,-0.12,0.0,0.0,0.0,2025-03-12T10:21:10.239476,989.75,103.27,-116.94,2.56,0.79,-0.91,0.0,0.0,0.0,2025-03-12T10:21:10.239476,0.17693045706231203
306.15,-185.55,934.81,0.61,-0.43,-0.06,0.0,0.0,0.0,2025-03-12T10:21:10.316091,968.51,137.21,-127.93,0.61,0.91,-0.91,0.0,0.0,0.0,2025-03-12T10:21:10.316091,0.18131486376875294
313.23,-206.05,926.27,0.43,0.06,-0.18,0.0,0.0,0.0,2025-03-12T10:21:10.316524,986.82,88.13,-147.22,2.8,-0.79,-2.32,0.0,0.0,0.0,2025-03-12T10:21:10.316524,0.19903607406668833
313.48,-195.31,936.28,1.77,-0.06,-0.43,0.0,0.0,0.0,2025-03-12T10:21:10.354191,979.25,135.5,-149.41,0.91,-0.98,-1.71,0.0,0.0,0.0,2025-03-12T10:21:10.354191,0.21998905686291437
314.45,-211.43,928.71,-0.49,-0.61,-0.18,0.0,0.0,0.0,2025-03-12T10:21:10.416044,982.42,127.69,-140.62,-7.26,-0.98,0.61,0.0,0.0,0.0,2025-03-12T10:21:10.416044,0.24489854185726578
295.65,-214.84,944.34,-0.43,-0.06,-0.18,0.0,0.0,0.0,2025-03-12T10:21:10.432708,981.2,49.07,-136.23,-0.61,-0.12,-0.61,0.0,0.0,0.0,2025-03-12T10:21:10.432708,0.2569294365044268
316.41,-199.71,932.62,0.55,-0.24,-0.43,,,,2025-03-12T10:21:10.519397,1005.37,130.13,-152.1,7.44,-2.32,-1.04,,,,2025-03-12T10:21:10.519397,0.2936207633187866
296.14,-221.92,933.35,1.34,-0.37,-0.79,42.25,-17.89,-8.85,2025-03-12T10:21:10.520302,992.19,111.08,-120.85,1.83,-0.43,-1.28,,,,2025-03-12T10:21:10.520302,0.31351536540188363
314.21,-197.02,938.48,0.43,-0.49,-0.49,0.0,0.0,0.0,2025-03-12T10:21:10.538411,974.12,123.78,-131.59,4.51,-0.98,-1.52,,,,2025-03-12T10:21:10.538411,0.34033003376769067
315.92,-197.27,926.76,0.98,-0.24,-0.18,,,,2025-03-12T10:21:10.621574,1016.6,100.59,-172.85,57.2,96.59,-22.01,0.0,0.0,0.0,2025-03-12T10:21:10.621574,-0.594920596576543
307.86,-197.51,932.37,0.91,-0.49,-0.49,0.0,0.0,0.0,2025-03-12T10:21:10.622434,1180.18,-751.46,1915.28,260.91,123.41,16.46,0.0,0.0,0.0,2025-03-12T10:21:10.622434,-1.8188730502793433
309.33,-198.49,933.35,0.73,0.0,-0.61,0.0,0.0,0.0,2025-03-12T10:21:10.647736,1009.52,93.99,-36.38,8.6,-6.71,0.85,0.0,0.0,0.0,2025-03-12T10:21:10.647736,-1.7411487479794996
314.45,-197.51,929.69,0.61,0.43,-0.91,,,,2025-03-12T10:21:10.725617,997.8,142.33,-42.72,3.29,1.34,-1.71,0.0,0.0,0.0,2025-03-12T10:21:10.725617,-1.7468739459662022
307.86,-198.49,931.64,0.85,0.37,-0.91,,,,2025-03-12T10:21:10.728322,991.46,114.5,-7.08,-4.51,-2.44,-1.16,0.0,0.0,0.0,2025-03-12T10:21:10.728322,-1.7134929978833942
315.19,-193.6,934.08,0.18,0.18,-0.91,,,,2025-03-12T10:21:10.755626,979.98,77.15,-71.29,10.91,-22.44,3.11,0.0,0.0,0.0,2025-03-12T10:21:10.755626,-1.47883708451673
312.74,-203.86,933.35,0.61,0.12,-0.73,0.0,0.0,0.0,2025-03-12T10:21:10.830420,992.43,110.11,-41.5,-15.0,-15.37,-7.44,0.0,0.0,0.0,2025-03-12T10:21:10.830420,-1.31249016284697
301.27,-198.97,932.37,0.0,0.06,-1.1,,,,2025-03-12T10:21:10.830871,989.5,157.71,-48.83,-10.43,-19.82,-4.76,0.0,0.0,0.0,2025-03-12T10:21:10.830871,-1.1008332309650495
310.3,-200.68,929.2,-0.43,0.18,-0.79,0.0,0.0,0.0,2025-03-12T10:21:10.868692,970.21,154.05,35.64,-12.07,-13.72,1.4,0.0,0.0,0.0,2025-03-12T10:21:10.868692,-0.9522885977758513
318.36,-203.61,934.57,0.12,-0.12,-0.61,0.0,0.0,0.0,2025-03-12T10:21:10.927211,914.31,-32.23,121.58,-14.76,-91.46,48.23,0.0,0.0,0.0,2025-03-12T10:21:10.927211,-0.03456921642090727
312.01,-203.61,925.29,0.3,0.18,-0.49,,,,2025-03-12T10:21:10.943466,1400.39,-324.46,-389.16,22.38,-12.87,5.3,0.0,0.0,0.0,2025-03-12T10:21:10.943466,0.10442109307525627
328.61,-186.52,933.59,0.06,0.0,-0.43,,,,2025-03-12T10:21:11.034315,915.77,148.93,-36.87,-21.46,-12.32,-8.96,0.0,0.0,0.0,2025-03-12T10:21:11.034315,0.2428838942046081
309.57,-208.01,921.39,0.79,0.24,-0.3,0.0,0.0,0.0,2025-03-12T10:21:11.035098,969.48,134.28,-99.61,-11.46,3.54,-0.61,0.0,0.0,0.0,2025-03-12T10:21:11.035098,0.2181669750526769
311.04,-217.77,922.36,0.67,0.3,-0.79,0.0,0.0,0.0,2025-03-12T10:21:11.058594,934.81,108.15,-260.99,79.76,88.84,11.04,0.0,0.0,0.0,2025-03-12T10:21:11.058594,-0.6620957170801063
305.66,-198.24,933.11,-0.3,-0.24,-0.18,,,,2025-03-12T10:21:11.134339,685.3,255.37,89.11,28.84,3.23,5.85,0.0,0.0,0.0,2025-03-12T10:21:11.134339,-0.6799007185833972
317.38,-175.54,939.94,0.43,-0.3,-0.3,0.0,0.0,0.0,2025-03-12T10:21:11.135062,986.82,80.57,-89.11,17.38,-3.78,1.28,-0.68,-32.74,-1.64,2025-03-12T10:21:11.135062,-0.6263824726300129
313.23,-206.3,924.8,-0.06,0.06,-0.24,0.0,0.0,0.0,2025-03-12T10:21:11.169048,1018.07,46.14,-86.18,11.83,-3.23,2.26,0.0,0.0,0.0,2025-03-12T10:21:11.169048,-0.5817119465873066
312.74,-198.97,930.66,-0.37,-0.18,-0.24,0.0,0.0,0.0,2025-03-12T10:21:11.236297,980.47,57.86,-89.11,-1.83,0.12,0.0,0.0,0.0,0.0,2025-03-12T10:21:11.236297,-0.5679998560068551
312.5,-198.0,934.08,-0.91,0.06,0.0,0.0,0.0,0.0,2025-03-12T10:21:11.244188,985.6,62.5,-63.96,1.22,-2.68,0.37,0.0,0.0,0.0,2025-03-12T10:21:11.244188,-0.5287888596200219
306.64,-206.05,929.93,-0.12,-0.43,-0.37,0.0,0.0,0.0,2025-03-12T10:21:11.353455,1000.49,66.41,-56.64,-2.38,-3.05,-1.83,0.0,0.0,0.0,2025-03-12T10:21:11.353455,-0.4805381502248185
318.12,-195.31,935.79,0.18,-0.06,-0.55,0.0,0.0,0.0,2025-03-12T10:21:11.354357,993.16,71.29,-90.58,-16.22,-2.62,-3.72,0.0,0.0,0.0,2025-03-12T10:21:11.354357,-0.4401950437578499
309.33,-205.57,928.22,0.79,-0.55,-0.43,0.0,0.0,0.0,2025-03-12T10:21:11.456203,984.62,76.9,-102.78,-1.4,-3.9,-1.22,0.0,0.0,0.0,2025-03-12T10:21:11.456203,-0.3822342461547521
318.36,-200.93,935.3,0.37,-0.24,-0.18,0.0,0.0,0.0,2025-03-12T10:21:11.457095,1034.42,66.41,-110.6,-19.51,-6.89,-2.68,0.0,0.0,0.0,2025-03-12T10:21:11.457095,-0.2971934280532853
314.45,-199.46,934.81,-0.24,-0.12,-0.12,0.0,0.0,0.0,2025-03-12T10:21:11.457620,980.96,297.36,-162.11,-65.24,-10.85,-11.65,0.0,0.0,0.0,2025-03-12T10:21:11.457620,-0.17202861258392055
312.74,-198.49,935.55,-0.12,-0.43,-0.18,0.0,0.0,0.0,2025-03-12T10:21:11.763627,985.35,63.23,-67.87,-11.83,-6.22,0.06,0.0,0.0,0.0,2025-03-12T10:21:11.763627,-0.09154126661207584
312.01,-191.16,934.33,-0.24,-0.24,-0.3,0.0,0.0,0.0,2025-03-12T10:21:11.764530,976.81,96.44,-90.09,-10.12,-10.24,-0.91,0.0,0.0,0.0,2025-03-12T10:21:11.764530,0.02822758639575973
