imu0_acc_x,imu0_acc_y,imu0_acc_z,imu0_gyro_x,imu0_gyro_y,imu0_gyro_z,imu0_roll,imu0_pitch,imu0_yaw,imu0_timestamp,imu1_acc_x,imu1_acc_y,imu1_acc_z,imu1_gyro_x,imu1_gyro_y,imu1_gyro_z,imu1_roll,imu1_pitch,imu1_yaw,imu1_timestamp
335.94,-123.54,939.21,-0.3,-0.37,-0.06,-20.85,-5.8,29.45,2025-03-12T10:27:09.646564,1004.15,36.38,-0.49,-1.34,0.55,0.61,-91.94,4.4,-6.54,2025-03-12T10:27:09.646564
337.4,-108.15,940.43,-0.85,-0.43,-0.18,-20.86,-5.8,29.46,2025-03-12T10:27:09.679577,999.51,52.0,11.23,-2.62,0.49,0.73,-91.92,4.41,-6.55,2025-03-12T10:27:09.679577
336.43,-122.8,936.77,-0.55,0.0,0.06,-20.84,-5.8,29.46,2025-03-12T10:27:09.744158,1006.1,45.65,13.18,0.24,0.24,0.06,-91.88,4.41,-6.52,2025-03-12T10:27:09.744158
323.24,-114.75,939.94,-0.37,-0.3,-0.06,-20.84,-5.82,29.47,2025-03-12T10:27:09.748602,1005.86,43.95,18.8,-1.28,0.24,0.98,-91.85,4.41,-6.5,2025-03-12T10:27:09.748602
343.75,-118.65,940.19,-0.49,-0.06,-0.43,-20.84,-5.83,29.48,2025-03-12T10:27:09.787383,998.78,27.34,1.95,1.46,-0.49,-0.43,-91.8,4.43,-6.49,2025-03-12T10:27:09.787383
328.86,-122.07,940.19,-0.06,0.0,-0.37,-20.82,-5.84,29.49,2025-03-12T10:27:09.851845,999.02,54.2,20.51,-4.27,-0.55,0.06,-91.75,4.44,-6.38,2025-03-12T10:27:09.851845
337.65,-117.19,938.72,0.0,-0.12,-0.43,-20.81,-5.85,29.5,2025-03-12T10:27:09.852711,1002.44,9.28,5.37,1.65,-0.85,-0.49,-91.72,4.45,-6.37,2025-03-12T10:27:09.852711
384.03,-93.51,965.82,0.3,0.79,-0.85,-20.82,-5.85,29.51,2025-03-12T10:27:09.884683,996.83,108.64,31.49,-2.68,-0.18,-0.55,-91.69,4.46,-6.31,2025-03-12T10:27:09.884683
335.69,-83.5,947.02,-0.3,-0.12,-0.43,-20.8,-5.86,29.52,2025-03-12T10:27:09.946911,1008.06,4.39,27.34,-3.05,-1.59,0.73,-91.67,4.46,-6.23,2025-03-12T10:27:09.946911
334.47,-130.62,942.38,1.28,0.91,-0.85,-20.8,-5.86,29.53,2025-03-12T10:27:09.953482,1003.42,76.42,24.17,3.66,-3.41,-0.06,-91.64,4.47,-6.16,2025-03-12T10:27:09.953482
348.63,-82.28,973.14,0.3,-1.16,-0.67,-20.79,-5.86,29.53,2025-03-12T10:27:09.986797,999.76,31.74,10.5,-3.96,-2.87,1.77,-91.65,4.46,-6.15,2025-03-12T10:27:09.986797
349.12,-121.58,952.39,0.79,-0.61,-0.79,-20.8,-5.86,29.54,2025-03-12T10:27:10.053430,988.28,55.42,22.95,4.09,-3.48,1.28,-91.65,4.44,-6.08,2025-03-12T10:27:10.053430
341.8,-61.04,954.83,0.79,-0.67,-0.37,-20.8,-5.87,29.55,2025-03-12T10:27:10.054263,995.36,45.65,-17.58,1.04,-3.54,0.55,-91.66,4.42,-6.14,2025-03-12T10:27:10.054263
340.82,-125.73,964.11,-0.67,-0.61,-0.49,-20.79,-5.87,29.56,2025-03-12T10:27:10.090774,995.36,46.14,-33.94,1.16,-2.01,1.04,-91.66,4.39,-6.13,2025-03-12T10:27:10.090774
332.03,-115.72,933.35,0.0,-0.67,-0.18,-20.79,-5.89,29.57,2025-03-12T10:27:10.150816,1003.42,29.79,18.55,2.13,-2.99,-0.67,-91.63,4.38,-6.06,2025-03-12T10:27:10.150816
328.37,-99.61,943.85,0.91,-0.67,-0.61,-20.78,-5.9,29.58,2025-03-12T10:27:10.156563,1005.37,36.38,10.5,7.93,-2.5,0.98,-91.63,4.35,-6.05,2025-03-12T10:27:10.156563
351.56,-94.73,958.5,0.37,-1.34,-0.12,-20.79,-5.91,29.58,2025-03-12T10:27:10.192556,999.51,41.99,6.84,6.1,-4.63,0.06,-91.63,4.31,-6.04,2025-03-12T10:27:10.192556
329.35,-112.79,933.35,0.43,-1.16,-0.43,-20.79,-5.92,29.58,2025-03-12T10:27:10.251859,990.23,18.31,-17.82,7.07,-3.84,-0.61,-91.63,4.25,-6.09,2025-03-12T10:27:10.251859
337.16,-116.46,936.04,1.04,-0.43,-0.55,-20.81,-5.94,29.58,2025-03-12T10:27:10.261718,1003.17,44.92,-43.95,1.52,-2.5,-1.46,10.33,-0.17,91.62,2025-03-12T10:27:10.261718
335.94,-116.21,944.09,0.37,-0.49,0.3,-20.82,-5.95,29.58,2025-03-12T10:27:10.292538,995.85,30.52,-2.69,7.13,-2.26,-1.95,nan,nan,nan,2025-03-12T10:27:10.292538
338.62,-119.38,939.94,-0.18,-1.4,0.85,-20.84,-5.96,29.58,2025-03-12T10:27:10.355096,994.63,27.83,-10.25,8.35,-2.68,-2.62,-91.62,4.12,-6.15,2025-03-12T10:27:10.355096
327.39,-125.0,933.11,0.61,-0.73,0.3,-20.86,-5.96,29.58,2025-03-12T10:27:10.360829,978.76,41.99,31.49,-2.56,-4.63,-3.78,-91.65,4.08,-6.32,2025-03-12T10:27:10.360829
324.95,-146.97,925.05,1.59,-1.34,0.61,-20.87,-5.95,29.6,2025-03-12T10:27:10.393966,990.48,6.35,34.42,8.23,-7.38,-5.24,-91.64,4.02,-6.18,2025-03-12T10:27:10.393966
353.27,-98.14,935.06,2.44,-2.2,-0.18,-20.88,-5.95,29.6,2025-03-12T10:27:10.455156,1006.1,23.19,-51.51,20.43,-7.44,-8.11,-91.65,3.98,-6.3,2025-03-12T10:27:10.455156
347.17,-114.26,945.07,0.98,-1.83,-0.18,-20.88,-5.97,29.6,2025-03-12T10:27:10.474308,1011.23,19.53,-50.54,-3.05,-6.4,-9.76,-91.62,3.94,-6.27,2025-03-12T10:27:10.474308
356.69,-108.4,944.09,0.24,-2.13,-0.43,-20.89,-5.99,29.59,2025-03-12T10:27:10.500256,1013.18,8.79,-47.85,5.91,-3.48,-14.94,-91.59,3.89,-6.25,2025-03-12T10:27:10.500256
357.91,-122.8,949.22,-0.49,-3.84,-2.56,-20.9,-5.98,29.59,2025-03-12T10:27:10.558643,1010.01,76.42,1.22,4.33,2.2,-18.29,-91.59,3.86,-6.34,2025-03-12T10:27:10.558643
394.78,-143.31,928.47,3.96,-0.12,-3.41,-20.9,-5.98,29.61,2025-03-12T10:27:10.568746,996.34,100.34,57.86,-9.88,-0.61,-17.07,-91.57,3.83,-6.29,2025-03-12T10:27:10.568746
407.71,-157.71,977.54,26.89,7.68,-8.96,-20.9,-5.99,29.61,2025-03-12T10:27:10.604230,1037.11,106.93,43.46,-11.16,-14.63,-10.79,-91.54,3.81,-6.28,2025-03-12T10:27:10.604230
360.6,-167.72,934.08,64.88,2.38,-12.62,-20.89,-6.03,29.61,2025-03-12T10:27:10.665287,1039.79,69.82,13.43,-2.99,-21.34,-3.54,-91.5,3.77,-6.2,2025-03-12T10:27:10.665287
473.39,16.36,923.58,51.65,-28.29,-13.84,-20.89,-6.04,29.62,2025-03-12T10:27:10.673547,1009.03,125.24,-44.68,8.29,-27.44,-0.55,-91.48,3.71,-6.25,2025-03-12T10:27:10.673547
643.31,-210.45,823.73,22.99,-13.78,-24.82,-20.9,-6.05,29.63,2025-03-12T10:27:10.709033,945.8,24.17,-146.97,15.61,-44.09,8.66,-91.46,3.67,-6.2,2025-03-12T10:27:10.709033
668.46,-77.88,820.8,42.2,-19.76,-2.07,-20.91,-6.07,29.64,2025-03-12T10:27:10.769142,1010.74,-45.9,-192.14,-12.5,-67.56,22.44,-91.44,3.64,-6.19,2025-03-12T10:27:10.769142
628.66,66.41,763.67,36.34,-33.11,4.7,-20.9,-6.09,29.64,2025-03-12T10:27:10.781870,957.28,12.45,-239.75,16.71,-78.78,22.2,-91.4,3.61,-6.12,2025-03-12T10:27:10.781870
696.78,114.99,840.09,23.66,-51.83,-0.3,-20.9,-6.11,29.66,2025-03-12T10:27:10.813637,938.48,13.18,-311.28,3.48,-87.26,38.72,-91.38,3.59,-6.09,2025-03-12T10:27:10.813637
711.91,119.63,810.06,20.67,-65.79,-7.99,-20.9,-6.13,29.66,2025-03-12T10:27:10.869083,962.89,-32.71,-380.13,11.71,-94.76,41.4,-91.36,3.56,-6.04,2025-03-12T10:27:10.869083
607.67,87.16,871.09,14.02,-84.33,-8.29,-20.91,-6.14,29.67,2025-03-12T10:27:10.883521,940.92,40.28,-438.48,5.91,-100.55,47.68,-91.36,3.56,-6.05,2025-03-12T10:27:10.883521
567.87,118.41,1004.88,8.84,-89.57,-7.87,-20.9,-6.14,29.68,2025-03-12T10:27:10.918770,915.77,-64.94,-417.72,1.89,-94.82,44.94,-91.35,3.56,-5.96,2025-03-12T10:27:10.918770
460.94,63.96,985.84,14.27,-79.02,-8.17,-20.9,-6.13,29.7,2025-03-12T10:27:10.971748,945.31,-15.62,-483.64,18.84,-90.3,41.77,-91.35,3.56,-5.91,2025-03-12T10:27:10.971748
532.96,167.97,853.03,12.62,-71.28,-3.05,-20.88,-6.13,29.72,2025-03-12T10:27:10.989307,891.11,-35.64,-436.77,-2.01,-85.43,32.44,-91.38,3.61,-5.9,2025-03-12T10:27:10.989307
460.21,76.17,938.23,15.12,-68.29,-14.33,-20.89,-6.15,29.74,2025-03-12T10:27:11.025312,877.93,-16.6,-538.33,14.02,-79.76,32.01,-91.39,3.57,-5.66,2025-03-12T10:27:11.025312
503.66,89.84,773.68,15.61,-53.72,-8.48,-20.85,-6.11,29.74,2025-03-12T10:27:11.070696,844.24,-3.17,-501.95,-8.29,-65.06,29.45,-91.49,3.57,-5.79,2025-03-12T10:27:11.070696
521.97,122.8,839.6,3.35,-56.04,-5.85,-20.85,-6.07,29.75,2025-03-12T10:27:11.094522,775.63,-57.37,-493.9,-0.18,-43.78,27.56,-91.56,3.51,-5.66,2025-03-12T10:27:11.094522
489.01,77.88,821.29,-1.34,-47.68,-5.98,-20.87,-6.05,29.76,2025-03-12T10:27:11.129492,801.51,-83.25,-533.69,1.16,-41.95,27.13,-91.68,3.46,-5.75,2025-03-12T10:27:11.129492
482.67,79.35,767.09,1.83,-34.09,-2.13,-20.86,-6.02,29.76,2025-03-12T10:27:11.173366,616.94,-200.93,-552.25,-1.46,-31.34,17.26,-91.81,3.42,-5.86,2025-03-12T10:27:11.173366
479.74,61.52,777.34,0.73,-21.28,7.26,-20.86,-6.02,29.77,2025-03-12T10:27:11.199402,737.06,-148.44,-545.65,10.18,-17.32,12.13,-91.88,3.39,-5.9,2025-03-12T10:27:11.199402
510.99,145.02,757.57,0.0,-8.84,20.0,-20.86,-6.02,29.77,2025-03-12T10:27:11.298925,747.8,-112.3,-550.05,20.43,-5.98,2.74,-91.97,3.38,-5.95,2025-03-12T10:27:11.298925
503.91,167.48,820.31,0.49,3.9,17.87,-20.87,-5.99,29.78,2025-03-12T10:27:11.299063,769.04,-97.66,-561.52,20.61,4.02,-4.09,-92.05,3.35,-6.17,2025-03-12T10:27:11.299063
513.67,66.65,749.51,1.34,23.05,15.98,-20.87,-5.98,29.78,2025-03-12T10:27:11.303285,755.13,-111.33,-550.78,9.15,17.44,-9.7,-92.19,3.32,-6.42,2025-03-12T10:27:11.303285
474.85,88.13,832.03,-3.6,32.93,18.72,-20.89,-5.96,29.79,2025-03-12T10:27:11.601116,764.89,-155.27,-526.86,12.87,27.26,-15.85,-92.33,3.31,-6.69,2025-03-12T10:27:11.601116
370.85,43.7,874.27,-9.63,56.04,10.43,-20.91,-5.94,29.8,2025-03-12T10:27:11.602386,769.53,-85.94,-473.63,0.06,47.56,-21.59,-92.43,3.34,-6.82,2025-03-12T10:27:11.602386
276.12,-39.31,906.74,-16.22,83.66,7.26,-20.92,-5.94,29.79,2025-03-12T10:27:11.603008,703.61,-92.29,-421.63,-19.15,73.78,-27.74,-92.5,3.38,-6.99,2025-03-12T10:27:11.603008
178.71,11.47,896.48,-20.06,120.0,9.45,-20.94,-5.94,29.76,2025-03-12T10:27:11.603527,690.19,-151.37,-359.38,-17.01,100.37,-35.91,-92.61,3.48,-7.2,2025-03-12T10:27:11.603527
119.38,-167.97,1119.14,-26.4,146.04,10.98,-20.97,-5.93,29.74,2025-03-12T10:27:11.604010,774.9,-87.4,-424.8,-0.98,136.46,-51.1,-92.75,3.6,-7.16,2025-03-12T10:27:11.604010
99.12,-417.48,1196.29,-30.24,181.95,44.27,-21.0,-5.87,29.71,2025-03-12T10:27:11.604480,828.61,-157.23,-431.15,1.83,182.99,-64.63,-93.01,3.75,-7.62,2025-03-12T10:27:11.604480
372.8,-159.91,1273.19,-59.88,200.79,73.48,-21.06,-5.8,29.69,2025-03-12T10:27:11.604940,1204.83,-120.85,-273.93,34.82,223.35,-72.01,-93.31,4.01,-8.14,2025-03-12T10:27:11.604940
3999.88,-4000.0,3999.88,42.68,55.43,66.83,-21.11,-5.76,29.68,2025-03-12T10:27:11.605428,1568.6,-2083.25,-2820.31,150.85,-144.94,42.5,-93.49,4.37,-8.14,2025-03-12T10:27:11.605428
650.39,-1431.64,2622.31,-376.1,-174.63,8.6,-21.19,-5.76,29.71,2025-03-12T10:27:11.705439,911.38,2089.6,788.82,-166.04,51.83,35.49,-93.57,4.89,-8.39,2025-03-12T10:27:11.705439
545.65,-433.35,814.45,-17.26,-24.45,-6.28,-21.33,-5.8,29.84,2025-03-12T10:27:11.706677,1409.42,-389.65,-342.53,40.55,10.61,10.55,-93.45,5.51,-8.49,2025-03-12T10:27:11.706677
326.9,-160.89,907.96,-8.9,10.18,-2.26,-21.27,-5.45,29.88,2025-03-12T10:27:11.707429,756.1,-42.48,-291.02,-12.07,-4.09,6.95,-93.51,6.09,-8.13,2025-03-12T10:27:11.707429
337.65,-45.17,1052.25,-12.74,-4.21,4.21,-21.0,-4.28,29.79,2025-03-12T10:27:11.724735,913.33,215.33,-282.23,28.84,11.46,5.3,-93.97,6.42,-7.81,2025-03-12T10:27:11.724735
364.26,-138.18,946.04,-7.44,-1.1,4.02,-21.19,-2.03,29.46,2025-03-12T10:27:11.819999,946.04,-88.13,-100.83,-37.07,17.2,6.59,-94.73,6.51,-7.8,2025-03-12T10:27:11.819999
439.45,-260.74,1185.3,-6.89,5.43,1.16,-22.29,-0.58,29.54,2025-03-12T10:27:11.820802,979.49,-137.7,-41.99,-7.74,17.32,8.6,-95.83,6.39,-8.21,2025-03-12T10:27:11.820802
355.22,-101.56,922.12,-7.32,1.46,0.24,-22.83,0.45,29.79,2025-03-12T10:27:11.828979,1020.51,-2.69,-163.09,33.41,4.09,6.1,-97.65,5.85,-8.45,2025-03-12T10:27:11.828979
358.64,-119.87,929.93,-6.46,-2.13,0.79,-23.72,1.68,29.21,2025-03-12T10:27:11.895546,976.81,-67.87,-184.33,3.11,7.2,8.48,-100.12,5.06,-8.1,2025-03-12T10:27:11.895546
362.3,-119.63,936.77,-1.89,-0.98,0.85,-25.15,2.8,28.58,2025-03-12T10:27:11.899509,987.06,-45.17,-148.19,2.56,6.65,6.4,-103.01,4.0,-8.53,2025-03-12T10:27:11.899509
348.63,-118.16,935.3,-2.5,-0.12,1.71,-27.12,3.56,28.3,2025-03-12T10:27:11.932097,1002.69,-89.6,-98.88,3.6,3.29,9.51,-106.18,2.6,-8.21,2025-03-12T10:27:11.932097
363.77,-129.15,925.29,-1.1,-0.3,0.79,-29.69,4.31,28.22,2025-03-12T10:27:11.994860,969.48,-86.43,-119.63,1.04,0.73,7.56,-109.55,1.01,-8.23,2025-03-12T10:27:11.994860
357.67,-118.9,901.61,-0.12,0.0,-0.73,-32.8,4.89,28.23,2025-03-12T10:27:12.005070,968.99,-84.96,-141.11,4.51,-1.22,9.15,-113.07,-0.56,-7.7,2025-03-12T10:27:12.005070
369.14,-120.12,928.71,1.16,-3.48,0.12,-35.8,5.41,28.25,2025-03-12T10:27:12.043260,984.86,-107.18,-168.21,18.17,-1.04,7.07,-116.35,-2.1,-7.34,2025-03-12T10:27:12.043260
368.41,-116.94,931.64,2.2,-1.16,0.12,-38.39,5.89,28.15,2025-03-12T10:27:12.095913,990.97,-107.42,-181.15,7.68,-2.99,8.35,-119.43,-3.51,-7.08,2025-03-12T10:27:12.095913
361.33,-119.87,931.15,3.23,-0.61,0.43,-40.86,6.47,28.01,2025-03-12T10:27:12.107277,999.51,-127.93,-205.57,6.65,-0.49,7.8,-122.35,-4.49,-6.6,2025-03-12T10:27:12.107277
368.41,-104.25,946.29,1.59,-0.55,2.2,-43.02,7.18,28.06,2025-03-12T10:27:12.143793,1000.49,-125.24,-186.52,12.01,1.4,6.71,-125.0,-5.56,-6.25,2025-03-12T10:27:12.143793
371.34,-103.27,935.06,0.49,-1.52,2.93,-44.87,7.65,27.94,2025-03-12T10:27:12.204782,961.43,-80.32,-107.67,-3.96,3.29,7.74,-127.23,-6.21,-5.49,2025-03-12T10:27:12.204782
316.65,-136.47,925.05,0.37,-0.18,4.7,-46.61,7.85,28.07,2025-03-12T10:27:12.216274,970.46,-111.08,-73.49,-2.74,-4.15,11.46,-128.88,-7.04,-4.96,2025-03-12T10:27:12.216274
361.33,-111.57,937.26,2.2,-2.01,2.32,-48.04,7.99,28.19,2025-03-12T10:27:12.248422,986.33,-135.5,-103.27,22.38,-6.1,10.85,-130.31,-7.68,-4.42,2025-03-12T10:27:12.248422
354.25,-69.09,941.16,4.82,-1.71,1.71,-49.05,8.01,28.16,2025-03-12T10:27:12.308738,990.23,-128.66,-135.99,13.11,-9.82,15.0,-131.23,-8.14,-4.1,2025-03-12T10:27:12.308738
367.92,-110.11,934.81,1.83,-1.52,1.34,-49.64,7.74,27.9,2025-03-12T10:27:12.318148,998.29,-166.99,-169.43,12.5,-10.37,13.96,-131.69,-8.68,-4.23,2025-03-12T10:27:12.318148
347.41,-130.37,922.36,0.61,-0.91,1.4,-49.79,7.2,27.44,2025-03-12T10:27:12.350713,965.33,-118.41,-138.43,2.07,-12.2,14.82,-131.68,-9.18,-4.8,2025-03-12T10:27:12.350713
336.18,-137.7,937.99,-1.1,-2.01,2.01,-49.4,6.8,27.04,2025-03-12T10:27:12.403766,980.71,-204.59,-151.12,15.18,-10.73,14.27,-131.28,-9.41,-5.4,2025-03-12T10:27:12.403766
371.58,-100.34,920.65,0.67,0.06,0.67,-48.47,6.4,26.62,2025-03-12T10:27:12.420997,958.74,-145.51,-208.5,7.26,-10.0,14.33,-130.48,-9.32,-5.91,2025-03-12T10:27:12.420997
372.56,-115.72,927.25,-1.89,-1.83,2.07,-47.02,5.81,26.35,2025-03-12T10:27:12.457747,978.27,-235.6,-138.67,-2.32,-13.11,11.52,-129.21,-9.13,-6.63,2025-03-12T10:27:12.457747
364.26,-110.35,933.84,-1.95,-0.91,1.1,-44.66,5.31,26.42,2025-03-12T10:27:12.511176,952.88,-179.93,-146.73,1.52,-17.13,12.07,-127.26,-8.37,-7.0,2025-03-12T10:27:12.511176
322.27,-113.28,944.09,-2.07,-2.38,1.16,-41.26,4.61,26.66,2025-03-12T10:27:12.525286,988.77,-218.26,-191.65,3.11,-18.35,11.46,-124.44,-7.12,-7.05,2025-03-12T10:27:12.525286
395.51,-115.72,912.35,-3.6,-4.02,1.46,-36.76,3.75,26.93,2025-03-12T10:27:12.561309,946.53,-240.48,-323.73,10.67,-15.49,8.84,-120.62,-5.79,-7.49,2025-03-12T10:27:12.561309
363.28,-140.38,925.05,-5.79,-4.15,1.95,-31.13,2.55,26.94,2025-03-12T10:27:12.608437,949.46,-272.95,-208.98,-11.22,-11.95,8.48,-115.41,-4.06,-8.28,2025-03-12T10:27:12.608437
385.01,-134.28,928.71,-1.89,1.77,-4.21,-24.55,0.67,25.8,2025-03-12T10:27:12.658870,955.57,-216.06,-318.85,-3.29,-8.17,1.83,-108.56,-2.0,-9.51,2025-03-12T10:27:12.658870
355.22,-116.7,935.55,-2.38,1.16,-5.98,-17.74,-2.55,24.46,2025-03-12T10:27:12.665480,984.38,-266.85,-261.96,-25.73,-1.34,3.35,-100.7,0.08,-11.15,2025-03-12T10:27:12.665480
376.46,-130.86,928.22,-2.62,2.68,-6.28,-11.62,5.8,20.91,2025-03-12T10:27:12.711318,934.81,-239.26,-269.04,-9.27,1.77,-2.13,-102.77,-0.19,-15.4,2025-03-12T10:27:12.711318
381.84,-129.88,925.05,-2.2,2.93,-6.4,-14.83,-0.31,22.21,2025-03-12T10:27:12.736329,966.06,-257.81,-201.17,-23.05,-1.52,-2.13,-101.77,-0.63,-10.14,2025-03-12T10:27:12.736329
362.55,-149.9,914.55,-0.18,7.26,-10.91,-15.39,-0.88,22.41,2025-03-12T10:27:12.810771,919.43,-200.2,-128.17,-36.28,-6.59,-0.55,-101.93,-1.16,-11.6,2025-03-12T10:27:12.810771
353.27,-125.73,921.63,1.95,4.7,-7.87,-15.27,-1.12,22.54,2025-03-12T10:27:12.811674,953.61,-179.2,-106.69,-20.18,-16.22,-0.55,-102.01,-1.39,-11.36,2025-03-12T10:27:12.811674
333.74,-134.77,934.81,3.05,3.9,-9.39,-15.38,-1.55,22.51,2025-03-12T10:27:12.842324,935.3,-198.0,-172.12,-7.32,-25.49,-0.85,-101.49,-1.72,-11.25,2025-03-12T10:27:12.842324
349.61,-124.76,945.07,2.87,0.12,-10.18,-15.49,-1.95,22.46,2025-03-12T10:27:12.915928,961.91,-202.15,-221.92,-13.78,-31.16,2.87,-101.1,-1.87,-10.14,2025-03-12T10:27:12.915928
349.85,-140.38,943.12,2.74,-7.2,-10.49,-15.75,-2.12,22.51,2025-03-12T10:27:12.916618,994.87,-246.09,-190.43,-9.21,-36.4,0.91,-100.57,-2.26,-10.4,2025-03-12T10:27:12.916618
278.81,-183.11,992.43,-0.24,-34.7,-26.28,-15.72,-2.4,22.56,2025-03-12T10:27:12.946001,1155.03,-126.46,-70.31,-18.11,-39.57,6.22,-100.39,-2.68,-11.28,2025-03-12T10:27:12.946001
310.06,-160.64,1027.1,-18.78,-51.52,-40.85,-15.88,-2.65,22.59,2025-03-12T10:27:13.016045,1170.9,-185.3,-229.25,-18.66,-20.55,14.7,-100.13,-2.98,-11.29,2025-03-12T10:27:13.016045
328.12,-87.65,1019.29,1.04,-88.84,-43.72,-15.9,-2.75,22.56,2025-03-12T10:27:13.017104,1292.72,-72.02,-577.88,-11.4,-31.83,6.4,-99.9,-3.25,-11.33,2025-03-12T10:27:13.017104
459.96,-130.86,986.08,-10.67,-106.89,-40.98,-15.98,-2.86,22.54,2025-03-12T10:27:13.061145,907.96,-63.48,-315.43,-24.51,-28.35,9.88,-99.77,-3.56,-11.38,2025-03-12T10:27:13.061145
179.69,-293.46,1259.52,-13.9,-29.88,-27.44,-16.02,-2.91,22.56,2025-03-12T10:27:13.124215,945.07,-196.53,-163.33,-41.83,-28.35,10.55,-99.74,-3.89,-11.38,2025-03-12T10:27:13.124215
-434.57,-38.57,1233.89,13.78,34.27,-12.8,-16.15,-2.89,22.54,2025-03-12T10:27:13.124744,999.27,-36.62,-68.85,-22.62,12.74,-12.74,-99.76,-4.24,-11.59,2025-03-12T10:27:13.124744
-249.02,-25.88,1144.78,33.23,77.26,-37.32,-16.26,-2.84,22.52,2025-03-12T10:27:13.159014,958.74,116.46,-80.32,-31.71,49.57,-30.79,-99.77,-4.62,-12.1,2025-03-12T10:27:13.159014
79.1,-282.71,867.43,8.23,61.59,-1.46,-16.31,-2.77,22.49,2025-03-12T10:27:13.220418,978.03,-127.44,-73.97,-34.88,59.7,-35.91,-99.85,-4.96,-12.25,2025-03-12T10:27:13.220418
213.62,-130.13,948.49,2.5,54.45,16.59,-16.36,-2.75,22.41,2025-03-12T10:27:13.227805,956.3,-52.49,-170.65,14.88,64.51,-42.87,-99.84,-5.29,-12.49,2025-03-12T10:27:13.227805
313.96,20.51,960.45,9.94,60.61,6.4,-16.45,-2.78,22.32,2025-03-12T10:27:13.262806,996.58,-27.83,-211.43,2.07,68.17,-37.5,-99.71,-5.57,-12.82,2025-03-12T10:27:13.262806
395.02,-36.38,869.87,15.61,45.0,-3.29,-16.49,-2.85,22.17,2025-03-12T10:27:13.323023,923.1,-40.28,-231.93,-21.89,55.91,-35.79,-99.66,-5.82,-12.56,2025-03-12T10:27:13.323023
507.81,-148.19,915.53,-8.84,17.93,20.43,-16.57,-2.87,22.06,2025-03-12T10:27:13.332782,991.7,-150.15,-256.84,-0.98,54.27,-30.79,-99.78,-6.24,-12.6,2025-03-12T10:27:13.332782
573.49,-92.53,1026.61,-2.68,29.51,28.11,-16.66,-2.8,21.96,2025-03-12T10:27:13.369845,1013.67,-140.62,-280.03,22.68,50.06,-24.51,-99.91,-6.76,-13.22,2025-03-12T10:27:13.369845
547.85,26.61,791.99,7.13,21.4,15.37,-16.72,-2.77,21.89,2025-03-12T10:27:13.428623,922.36,-40.04,-302.98,12.5,44.21,-22.8,-100.2,-7.32,-13.57,2025-03-12T10:27:13.428623
547.36,-110.84,847.17,8.29,13.66,28.48,-16.79,-2.77,21.84,2025-03-12T10:27:13.439366,935.55,-111.33,-261.23,20.98,40.18,-15.73,-100.52,-7.86,-13.81,2025-03-12T10:27:13.439366
499.51,-56.15,909.91,-3.35,13.72,41.34,-16.88,-2.83,21.77,2025-03-12T10:27:13.478412,987.55,-49.8,-247.07,41.4,29.45,-17.26,-100.9,-8.39,-13.87,2025-03-12T10:27:13.478412
467.04,203.12,716.31,0.37,-3.17,12.87,-16.93,-2.87,21.74,2025-03-12T10:27:13.530562,908.94,67.14,-237.3,16.83,22.07,-12.13,-101.18,-9.02,-14.42,2025-03-12T10:27:13.530562
508.54,104.98,869.63,6.4,-24.63,-5.73,-17.01,-2.95,21.7,2025-03-12T10:27:13.545711,967.04,13.67,-217.04,-9.45,25.0,0.06,-101.58,-9.51,-14.32,2025-03-12T10:27:13.545711
512.21,-71.29,979.49,3.78,0.61,-1.4,-17.08,-3.05,21.67,2025-03-12T10:27:13.578980,993.16,-59.81,-205.81,-6.46,14.94,-0.3,-102.05,-9.94,-14.28,2025-03-12T10:27:13.578980
390.87,-4.88,783.2,-1.83,-16.4,0.24,-17.17,-3.16,21.64,2025-03-12T10:27:13.635888,991.21,43.95,-164.31,10.3,7.2,-1.22,-102.68,-10.36,-14.18,2025-03-12T10:27:13.635888
600.34,113.77,955.81,-16.28,-20.43,-9.7,-17.34,-3.3,21.64,2025-03-12T10:27:13.649391,942.38,8.3,-219.73,1.4,6.65,4.57,-103.26,-10.82,-14.42,2025-03-12T10:27:13.649391
519.53,127.44,760.5,-11.95,-1.89,-19.57,-17.53,-3.56,21.62,2025-03-12T10:27:13.683027,911.87,22.71,-248.29,-18.29,-4.82,8.54,-103.81,-11.14,-14.41,2025-03-12T10:27:13.683027
763.92,141.11,385.01,-57.32,-50.0,-27.68,-17.63,-3.69,21.69,2025-03-12T10:27:13.733732,834.23,-223.88,-396.48,-7.01,-21.16,19.27,-104.2,-11.37,-14.19,2025-03-12T10:27:13.733732
1057.86,-1005.86,1168.95,-108.66,-26.89,15.06,-17.6,-3.74,21.87,2025-03-12T10:27:13.754262,879.39,-294.43,-296.63,21.22,-62.44,28.05,-104.54,-11.35,-13.67,2025-03-12T10:27:13.754262
381.35,-105.96,986.08,36.52,11.1,-17.2,-17.6,-3.79,22.1,2025-03-12T10:27:13.793882,1513.92,48.58,-142.09,1.16,-36.1,61.1,-104.69,-11.25,-13.02,2025-03-12T10:27:13.793882
405.27,-151.12,954.59,5.91,-3.54,4.57,-17.56,-3.84,22.34,2025-03-12T10:27:13.837134,846.92,-355.71,-287.6,25.43,-40.3,17.44,-104.73,-11.11,-12.57,2025-03-12T10:27:13.837134
368.16,-180.18,861.82,3.29,-1.95,2.8,-17.46,-3.85,22.63,2025-03-12T10:27:13.859310,1022.46,-31.01,-205.08,14.09,-27.62,21.89,-104.94,-10.75,-11.68,2025-03-12T10:27:13.859310
372.8,-101.56,927.49,5.61,-5.61,0.18,-17.26,-3.75,22.97,2025-03-12T10:27:13.894663,1059.57,-223.88,-187.01,-21.16,-25.0,15.85,-105.36,-10.45,-10.55,2025-03-12T10:27:13.894663
352.78,-134.28,931.88,1.16,-2.01,0.06,-17.16,-3.63,23.21,2025-03-12T10:27:13.943144,919.19,-69.58,-142.82,4.02,-19.15,5.12,-106.07,-10.27,-10.06,2025-03-12T10:27:13.943144
379.64,-99.12,951.66,0.91,0.49,-2.32,-17.1,-3.45,23.5,2025-03-12T10:27:13.963985,968.99,-130.62,-121.58,-8.48,-21.4,10.18,-107.04,-10.2,-9.77,2025-03-12T10:27:13.963985
365.48,-119.63,936.28,3.23,3.41,-4.51,-17.19,-3.28,23.82,2025-03-12T10:27:14.041877,929.69,-157.71,-161.38,-1.71,-24.33,8.66,-108.21,-10.15,-9.33,2025-03-12T10:27:14.041877
379.88,-115.48,926.27,6.28,4.51,-8.05,-17.7,-3.11,24.19,2025-03-12T10:27:14.042779,1031.74,-199.71,-307.86,6.34,-25.06,6.1,-109.6,-10.1,-8.98,2025-03-12T10:27:14.042779
351.81,-100.1,931.64,4.09,4.88,-7.99,-19.05,-2.86,25.27,2025-03-12T10:27:14.161041,970.46,-80.81,-271.48,-15.67,-19.57,5.24,-110.91,-10.2,-8.29,2025-03-12T10:27:14.161041
381.35,-95.21,929.44,0.55,0.37,-6.16,-21.15,-2.82,26.84,2025-03-12T10:27:14.161604,987.55,-154.54,-243.41,-3.72,-16.77,3.66,-111.82,-10.45,-7.54,2025-03-12T10:27:14.161604
364.75,-106.69,930.66,4.45,-2.32,-4.39,-24.47,-2.26,28.2,2025-03-12T10:27:14.162038,940.67,-117.92,-247.56,-9.51,-16.52,3.11,-112.99,-10.49,-7.17,2025-03-12T10:27:14.162038
393.55,-122.07,929.93,0.67,0.12,-8.05,-27.71,-2.06,29.68,2025-03-12T10:27:14.173443,1007.57,-159.67,-258.79,-9.45,-17.93,0.98,-114.23,-10.36,-5.92,2025-03-12T10:27:14.173443
371.34,-80.57,937.99,2.87,-2.93,-7.68,-28.07,-1.8,30.1,2025-03-12T10:27:14.245117,938.23,-68.36,-102.05,-27.26,-24.02,2.32,-115.02,-9.99,-4.8,2025-03-12T10:27:14.245117
301.76,-121.09,1007.08,0.61,-11.77,2.99,-26.41,-0.84,30.48,2025-03-12T10:27:14.245787,1039.06,-162.35,2.44,10.98,-37.13,0.37,-114.07,-9.05,-4.5,2025-03-12T10:27:14.245787
293.7,-183.84,1126.71,7.56,-30.61,-18.66,-23.56,0.45,30.99,2025-03-12T10:27:14.278892,1400.88,-92.29,-93.26,19.94,-42.93,7.5,-112.19,-7.41,-3.69,2025-03-12T10:27:14.278892
396.73,-181.88,963.62,42.32,-77.93,-55.06,-21.4,0.44,30.72,2025-03-12T10:27:14.349031,1040.28,-118.41,-344.73,-37.01,-31.89,9.82,-109.96,-5.91,-3.56,2025-03-12T10:27:14.349031
303.71,-153.08,1105.22,36.59,-112.87,-37.26,-19.37,0.41,30.18,2025-03-12T10:27:14.349726,972.41,-100.1,-300.54,-40.43,-47.93,14.7,-107.5,-4.62,-4.47,2025-03-12T10:27:14.349726
-428.96,-906.74,1314.21,20.98,-40.61,0.18,-17.39,0.74,29.98,2025-03-12T10:27:14.384777,964.6,-61.77,-204.59,5.3,-32.68,3.17,-105.18,-3.34,-4.72,2025-03-12T10:27:14.384777
-96.68,-22.71,1191.89,9.27,8.84,17.38,-16.22,1.03,29.82,2025-03-12T10:27:14.460849,968.26,-61.04,-21.97,-4.57,8.41,-12.68,-103.3,-2.06,-4.33,2025-03-12T10:27:14.460849
79.59,-227.29,889.16,26.59,36.34,-5.67,-15.55,0.37,29.11,2025-03-12T10:27:14.461889,907.71,84.47,-23.44,0.55,27.01,-17.26,-101.38,-1.14,-4.76,2025-03-12T10:27:14.461889
49.56,-263.43,876.22,17.93,23.54,26.52,-14.64,0.06,28.29,2025-03-12T10:27:14.489692,948.49,-62.5,-57.86,5.55,31.77,-21.1,-99.72,-0.45,-5.67,2025-03-12T10:27:14.489692
198.97,22.46,954.1,5.67,22.07,45.61,-14.12,0.14,27.62,2025-03-12T10:27:14.551940,981.45,37.11,-130.13,40.73,37.99,-25.18,-98.28,0.16,-6.26,2025-03-12T10:27:14.551940
208.98,89.36,1002.69,6.46,29.39,13.78,-13.85,0.08,26.45,2025-03-12T10:27:14.561127,953.61,71.53,-179.2,4.45,45.49,-21.34,-97.0,0.54,-7.28,2025-03-12T10:27:14.561127
308.35,81.79,1093.26,-3.23,31.52,-2.26,-13.56,-0.26,25.24,2025-03-12T10:27:14.594143,987.55,48.1,-214.84,-29.45,48.9,-24.51,-96.13,0.98,-8.63,2025-03-12T10:27:14.594143
445.07,16.85,987.3,-24.33,43.9,-10.37,-14.06,-0.29,25.03,2025-03-12T10:27:14.668377,928.22,-24.9,-183.84,-33.9,57.32,-20.55,-95.39,1.24,-9.01,2025-03-12T10:27:14.668377
374.27,-69.58,889.4,-14.88,48.17,-6.65,-14.62,-0.16,25.18,2025-03-12T10:27:14.678945,1037.11,-103.52,-226.32,-10.37,52.87,-15.49,-94.68,1.26,-8.6,2025-03-12T10:27:14.678945
485.6,-22.95,886.96,2.8,27.56,-2.74,-14.81,-0.09,25.13,2025-03-12T10:27:14.698757,967.29,-11.72,-237.06,-7.01,46.95,-20.98,-94.26,1.26,-8.63,2025-03-12T10:27:14.698757
580.57,-107.18,940.92,-11.16,26.16,8.84,-15.67,-0.28,25.27,2025-03-12T10:27:14.758510,951.42,-95.95,-331.05,6.46,51.89,-15.79,-94.03,1.24,-8.87,2025-03-12T10:27:14.758510
580.08,-66.41,723.63,-4.7,30.49,20.43,-16.03,-0.63,25.79,2025-03-12T10:27:14.768705,965.82,-116.94,-298.83,8.29,47.01,-15.61,-93.97,1.0,-8.78,2025-03-12T10:27:14.768705
507.81,232.67,651.37,3.05,0.91,20.61,-16.39,-1.08,26.7,2025-03-12T10:27:14.805818,1045.41,-162.84,-392.58,33.6,37.5,-13.96,-94.25,0.67,-8.12,2025-03-12T10:27:14.805818
958.25,97.41,920.9,-36.65,8.48,-10.61,-17.93,-2.2,27.83,2025-03-12T10:27:14.869679,791.75,-16.11,-445.31,-3.78,44.21,-9.09,-95.62,-0.3,-8.11,2025-03-12T10:27:14.869679
732.18,-11.72,605.71,-15.91,12.99,-23.29,-19.0,-4.97,28.56,2025-03-12T10:27:14.877378,966.31,-42.48,-356.2,-54.21,33.29,14.39,-97.52,-1.69,-7.97,2025-03-12T10:27:14.877378
700.2,190.92,425.29,-14.82,-38.48,-16.95,-18.82,-3.92,28.59,2025-03-12T10:27:14.909398,991.7,-159.18,-336.43,-6.1,14.88,9.27,-98.76,-3.1,-7.58,2025-03-12T10:27:14.909398
1171.39,762.21,710.69,12.68,-19.45,-30.98,-18.89,-3.89,28.41,2025-03-12T10:27:14.962068,642.82,-116.7,-459.72,32.99,-14.27,14.02,-100.0,-3.95,-8.82,2025-03-12T10:27:14.962068
1447.51,-250.0,726.32,-177.38,-32.56,-10.18,-18.92,-3.86,28.34,2025-03-12T10:27:14.980669,546.39,-164.06,-608.15,-18.48,-68.6,32.62,-100.98,-4.56,-8.29,2025-03-12T10:27:14.980669
169.19,-335.69,1125.98,23.23,18.66,-12.44,-19.06,-3.76,28.27,2025-03-12T10:27:15.015838,1735.11,-170.9,-35.89,-11.83,-70.73,62.26,-101.73,-4.94,-7.9,2025-03-12T10:27:15.015838
362.3,-129.15,963.62,10.67,9.39,-0.91,-19.11,-3.73,28.29,2025-03-12T10:27:15.065505,789.79,44.43,-433.84,-35.12,-62.8,8.72,-102.41,-5.19,-7.79,2025-03-12T10:27:15.065505
337.16,-214.11,860.35,-0.37,1.1,3.35,-19.1,-3.69,28.37,2025-03-12T10:27:15.085718,966.31,-498.78,-205.32,25.43,-32.13,21.71,-103.19,-5.52,-7.51,2025-03-12T10:27:15.085718
373.29,-105.96,918.46,6.77,-5.3,-8.23,-18.98,-3.52,28.5,2025-03-12T10:27:15.120906,856.2,-139.16,-428.71,-13.17,-18.17,3.29,-104.07,-5.84,-7.41,2025-03-12T10:27:15.120906
361.33,-45.65,941.41,0.55,3.54,-3.84,-18.84,-3.26,28.7,2025-03-12T10:27:15.168667,1027.34,-72.02,-303.96,-27.26,-15.67,2.56,-104.9,-6.02,-7.48,2025-03-12T10:27:15.168667
407.71,-106.93,905.03,-3.96,0.06,-1.46,-18.75,-3.1,28.91,2025-03-12T10:27:15.190522,944.82,-158.2,-126.22,-6.83,-16.4,-3.41,-105.62,-6.07,-6.92,2025-03-12T10:27:15.190522
322.51,-136.96,948.49,1.59,5.18,-6.46,-18.79,-3.04,29.1,2025-03-12T10:27:15.226036,972.17,-102.78,-48.34,-32.13,-26.65,4.63,-106.22,-6.14,-6.78,2025-03-12T10:27:15.226036
365.97,-118.16,929.93,7.26,5.06,-10.0,-18.86,-2.93,29.26,2025-03-12T10:27:15.274574,949.95,-158.45,-244.87,7.93,-26.22,-1.89,-106.82,-6.16,-6.45,2025-03-12T10:27:15.274574
391.36,-85.69,926.76,11.52,5.43,-7.74,-18.9,-2.81,29.54,2025-03-12T10:27:15.295421,964.84,-69.82,-302.98,11.83,-29.39,0.79,-107.5,-6.04,-5.89,2025-03-12T10:27:15.295421
349.37,-23.93,971.44,9.57,-1.34,-1.95,-19.12,-2.7,29.7,2025-03-12T10:27:15.369097,969.24,5.37,-74.95,8.54,-32.13,2.01,-108.28,-5.88,-5.3,2025-03-12T10:27:15.369097
299.32,-181.88,1092.29,11.95,-9.7,-9.39,-19.78,-2.75,29.63,2025-03-12T10:27:15.372935,1474.85,-103.27,64.7,12.07,-46.95,7.56,-109.58,-6.23,-6.0,2025-03-12T10:27:15.372935
305.42,-233.4,1095.46,58.66,-42.68,-50.98,-21.16,-1.88,30.38,2025-03-12T10:27:15.401342,1439.7,-10.01,-251.71,-26.77,-50.79,16.65,-111.16,-6.64,-6.17,2025-03-12T10:27:15.401342
144.04,-493.65,1179.93,78.66,-126.4,-57.56,-24.3,0.14,31.56,2025-03-12T10:27:15.473252,1297.61,-56.64,-340.09,-22.8,-43.96,13.66,-112.72,-6.51,-4.81,2025-03-12T10:27:15.473252
-365.72,-1310.3,1246.83,7.62,-31.16,5.73,-27.94,1.57,32.03,2025-03-12T10:27:15.474370,991.94,160.16,66.89,-60.0,-26.16,7.56,-114.46,-6.49,-3.65,2025-03-12T10:27:15.474370
-248.29,97.17,1097.41,-18.84,-10.18,41.89,-28.98,1.87,31.23,2025-03-12T10:27:15.508350,926.03,-48.58,59.81,57.68,17.44,-5.12,-115.13,-6.39,-3.63,2025-03-12T10:27:15.508350
-85.45,-60.55,979.25,7.01,16.28,15.85,-28.3,2.15,30.76,2025-03-12T10:27:15.580264,827.15,274.17,19.29,7.26,28.41,-10.73,-114.38,-5.93,-3.96,2025-03-12T10:27:15.580264
70.56,-140.38,944.58,13.41,17.5,35.73,-27.05,2.97,30.34,2025-03-12T10:27:15.580978,931.88,-12.7,35.64,5.3,31.4,-13.96,-113.31,-5.25,-4.09,2025-03-12T10:27:15.580978
185.55,-135.74,1037.11,9.88,23.84,51.77,-26.24,2.69,29.06,2025-03-12T10:27:15.612015,975.1,32.71,-62.01,60.18,29.57,-19.09,-111.9,-4.74,-4.94,2025-03-12T10:27:15.612015
196.53,19.78,1068.12,10.0,27.87,47.5,-25.44,2.23,27.79,2025-03-12T10:27:15.678623,1000.0,69.34,-127.93,56.83,35.0,-24.09,-110.31,-4.32,-6.37,2025-03-12T10:27:15.678623
242.68,104.74,1085.69,7.13,38.72,17.8,-24.24,2.28,27.47,2025-03-12T10:27:15.681149,1011.96,57.86,-124.51,18.23,38.35,-23.78,-108.57,-3.51,-6.52,2025-03-12T10:27:15.681149
185.06,30.76,1026.61,8.35,37.93,-12.07,-22.88,1.98,27.76,2025-03-12T10:27:15.716468,1073.0,38.09,-173.58,-13.72,44.7,-24.27,-106.81,-2.29,-5.68,2025-03-12T10:27:15.716468
169.19,-126.71,1040.77,-3.6,33.35,-12.8,-21.26,1.37,28.42,2025-03-12T10:27:15.781538,1032.96,-47.12,-214.6,-31.83,55.73,-22.8,-104.75,-1.39,-4.89,2025-03-12T10:27:15.781538
428.96,-229.49,1182.13,-12.38,53.48,9.76,-19.72,1.0,28.68,2025-03-12T10:27:15.785478,1088.13,-148.68,-252.44,-16.59,62.8,-26.89,-102.99,-0.7,-4.72,2025-03-12T10:27:15.785478
454.83,-148.44,827.15,-7.8,37.38,27.2,-19.03,1.15,28.63,2025-03-12T10:27:15.821780,1020.51,-147.46,-305.66,11.04,71.04,-29.88,-101.29,-0.05,-4.78,2025-03-12T10:27:15.821780
603.03,44.68,595.95,-16.04,-33.96,29.51,nan,nan,nan,2025-03-12T10:27:15.883211,990.48,-58.59,-347.9,29.7,67.74,-29.21,-99.57,0.41,-5.09,2025-03-12T10:27:15.883211
977.29,65.19,1160.64,-31.89,-23.35,30.61,-17.33,0.41,27.65,2025-03-12T10:27:15.888865,891.85,-154.54,-438.72,30.55,63.05,-25.55,-98.06,0.81,-5.69,2025-03-12T10:27:15.888865
812.99,311.28,663.82,-7.74,36.34,21.4,-17.86,-0.31,27.26,2025-03-12T10:27:15.927257,931.64,-103.27,-472.66,-6.52,46.34,-21.4,-96.74,1.19,-6.8,2025-03-12T10:27:15.927257
823.0,247.31,425.29,-28.05,12.68,-31.52,-17.24,-1.14,28.12,2025-03-12T10:27:15.991477,735.35,23.68,-380.13,-19.57,46.28,-4.57,-95.45,1.34,-6.12,2025-03-12T10:27:15.991477
1047.85,-29.79,749.27,-36.4,21.65,-38.9,-17.19,-1.43,28.95,2025-03-12T10:27:15.993911,827.88,-126.22,-392.09,-70.67,26.46,14.02,-94.52,0.92,-4.39,2025-03-12T10:27:15.993911
885.5,-52.25,448.49,-30.49,-2.93,-6.16,-19.42,-1.67,30.04,2025-03-12T10:27:16.030000,864.01,-151.61,-376.46,-34.02,4.94,15.61,-94.27,0.55,-4.56,2025-03-12T10:27:16.030000
1514.65,233.4,-304.44,-68.23,-107.62,1.52,-19.42,-1.31,31.17,2025-03-12T10:27:16.090906,757.81,-375.73,-489.26,34.45,-36.22,26.71,-95.17,-0.1,-5.49,2025-03-12T10:27:16.090906
-343.99,-63.96,1721.44,7.93,14.51,-40.61,-19.41,-4.21,32.49,2025-03-12T10:27:16.098144,1469.24,352.54,21.24,28.35,-71.28,36.46,-97.64,-1.33,-4.38,2025-03-12T10:27:16.098144
555.42,511.23,1194.09,13.41,3.6,-16.4,-18.92,-3.3,32.69,2025-03-12T10:27:16.134025,1022.46,-161.87,-388.92,40.3,-55.12,41.34,-99.46,-3.2,-4.24,2025-03-12T10:27:16.134025
462.16,-33.94,1004.64,10.61,-0.73,-2.38,-18.76,-3.13,32.55,2025-03-12T10:27:16.195608,755.86,-172.12,-287.11,-58.96,-52.8,39.63,-101.54,-3.43,-3.33,2025-03-12T10:27:16.195608
311.04,-157.96,875.24,7.5,-4.02,0.61,-18.85,-3.1,32.48,2025-03-12T10:27:16.203327,1139.89,-356.2,-68.85,-14.33,-46.59,28.11,-102.63,-4.21,-4.25,2025-03-12T10:27:16.203327
408.2,-161.38,906.01,12.93,4.02,-6.16,-18.95,-2.82,32.68,2025-03-12T10:27:16.239276,1027.59,-258.79,-233.4,41.77,-38.54,9.09,-103.37,-4.19,-3.37,2025-03-12T10:27:16.239276
358.15,-89.6,924.8,8.41,4.33,-5.61,-18.95,-2.84,32.77,2025-03-12T10:27:16.298294,997.56,-108.15,-242.68,-18.41,-30.18,14.45,-103.92,-4.06,-2.7,2025-03-12T10:27:16.298294
384.28,-102.29,929.69,2.99,4.94,-4.57,-18.89,-2.93,32.92,2025-03-12T10:27:16.311218,957.28,-205.32,-185.06,4.02,-26.77,5.24,-104.58,-3.9,-2.18,2025-03-12T10:27:16.311218
370.12,-106.69,931.4,3.54,4.27,-6.89,-2.45,-8.0,58.36,2025-03-12T10:27:16.344661,983.15,-95.46,-194.82,7.8,-29.27,3.72,-105.52,-3.85,-1.4,2025-03-12T10:27:16.344661
368.16,-107.91,929.93,4.45,3.54,-9.09,-18.48,-2.21,33.44,2025-03-12T10:27:16.401890,971.44,-96.19,-201.42,-16.95,-30.3,3.41,-106.44,-3.93,-1.8,2025-03-12T10:27:16.401890
391.85,-93.26,919.92,6.95,3.48,-9.45,-18.49,-1.81,33.44,2025-03-12T10:27:16.416500,976.81,-161.38,-292.97,0.43,-30.55,6.46,-107.38,-4.02,-2.07,2025-03-12T10:27:16.416500
339.84,-49.8,951.17,0.85,-6.77,-0.79,-18.73,-1.56,33.47,2025-03-12T10:27:16.449475,941.65,8.06,-278.81,-7.44,-22.13,11.52,-108.52,-4.16,-2.19,2025-03-12T10:27:16.449475
303.96,-48.83,984.86,-10.67,-21.28,3.54,-19.78,0.37,34.3,2025-03-12T10:27:16.500972,1024.9,-233.89,-78.86,14.21,-28.23,7.8,-110.07,-4.41,-2.2,2025-03-12T10:27:16.500972
336.43,-201.42,1104.98,4.45,-23.11,-31.04,-23.52,3.7,35.34,2025-03-12T10:27:16.520769,1305.91,-44.43,37.11,-37.99,-35.06,10.85,-111.91,-4.59,-0.99,2025-03-12T10:27:16.520769
302.98,-396.48,1060.55,66.65,-115.06,-72.01,-26.22,4.57,35.56,2025-03-12T10:27:16.554869,1521.48,-198.0,-110.84,-50.98,-52.32,22.5,-113.36,-4.6,0.16,2025-03-12T10:27:16.554869
112.79,-492.43,1337.65,23.78,-109.82,-23.23,-26.94,3.14,34.19,2025-03-12T10:27:16.604021,1038.82,-87.4,-283.45,-21.34,-44.57,12.93,-113.81,-3.98,2.01,2025-03-12T10:27:16.604021
-328.37,-401.37,1026.61,-6.22,-33.78,58.48,-26.27,3.06,33.89,2025-03-12T10:27:16.624796,917.48,-34.42,51.03,-29.33,-11.34,-7.01,-112.77,-4.62,0.07,2025-03-12T10:27:16.624796
-162.11,502.93,1131.1,3.41,25.79,-38.54,-25.53,2.94,33.13,2025-03-12T10:27:16.700605,892.09,257.57,-38.33,43.05,27.68,-17.68,-111.78,-4.2,0.02,2025-03-12T10:27:16.700605
14.65,-39.79,939.45,1.52,38.35,-56.22,-24.87,2.66,31.65,2025-03-12T10:27:16.703912,801.03,267.82,-40.53,-88.72,33.35,-13.29,-110.42,-3.95,-0.92,2025-03-12T10:27:16.703912
130.37,-375.98,893.31,7.44,41.22,-4.27,-24.03,2.19,29.82,2025-03-12T10:27:16.730590,902.1,-235.84,62.01,-68.72,32.44,-17.87,-109.12,-3.98,-3.19,2025-03-12T10:27:16.730590
175.05,-274.66,906.98,13.66,32.99,32.62,-23.02,1.85,28.43,2025-03-12T10:27:16.804557,948.97,-54.69,-57.62,61.71,31.65,-28.78,-107.67,-3.67,-5.12,2025-03-12T10:27:16.804557
247.8,-162.84,1098.63,6.77,34.57,35.49,-21.62,1.95,28.04,2025-03-12T10:27:16.805208,997.8,71.29,-95.95,31.59,43.29,-26.4,-106.2,-2.92,-5.68,2025-03-12T10:27:16.805208
159.18,-82.03,1043.95,-5.49,43.6,24.76,-20.22,2.29,28.43,2025-03-12T10:27:16.835263,1049.32,-89.84,-154.3,6.28,48.9,-23.72,-104.5,-1.91,-5.27,2025-03-12T10:27:16.835263
250.73,-120.36,974.12,-2.74,46.95,13.9,-18.95,2.14,28.77,2025-03-12T10:27:16.909091,1023.93,-68.85,-143.07,8.23,59.76,-25.18,-102.48,-0.9,-4.44,2025-03-12T10:27:16.909091
388.92,-233.64,1047.61,-1.52,48.29,32.68,-17.18,1.6,28.43,2025-03-12T10:27:16.909935,1064.45,-97.41,-184.57,25.73,64.15,-25.43,-100.21,0.15,-4.26,2025-03-12T10:27:16.909935
504.39,-184.81,919.68,-2.07,42.8,53.96,-16.46,1.13,27.52,2025-03-12T10:27:17.029529,1001.95,-150.15,-231.2,40.49,61.52,-27.07,-97.82,0.99,-5.0,2025-03-12T10:27:17.029529
628.42,-30.27,830.81,-9.09,23.54,56.04,-17.47,0.02,26.77,2025-03-12T10:27:17.030162,1003.42,-95.95,-294.92,60.55,57.32,-27.87,-95.64,1.8,-6.19,2025-03-12T10:27:17.030162
661.38,-30.52,909.18,3.66,23.72,52.38,-16.5,-0.64,25.99,2025-03-12T10:27:17.030593,960.45,-115.72,-306.15,48.72,52.44,-20.55,-93.83,2.52,-7.13,2025-03-12T10:27:17.030593
499.51,82.52,827.64,4.45,21.52,39.82,-15.98,-1.01,26.74,2025-03-12T10:27:17.045954,994.87,-108.64,-327.15,39.02,48.78,-21.28,-92.36,3.17,-6.74,2025-03-12T10:27:17.045954
580.08,236.33,750.98,-22.26,0.98,-7.99,-16.43,-1.97,28.8,2025-03-12T10:27:17.114482,899.41,22.46,-320.56,0.85,55.3,-16.52,-90.93,3.12,-5.51,2025-03-12T10:27:17.114482
666.99,-94.97,772.22,-22.38,25.37,-12.74,-16.03,-2.75,30.15,2025-03-12T10:27:17.115064,917.72,-38.82,-276.86,-34.51,51.28,0.61,-90.26,2.58,-3.27,2025-03-12T10:27:17.115064
668.46,45.65,769.78,-24.51,7.8,4.27,-16.7,-3.78,30.67,2025-03-12T10:27:17.149990,980.22,-127.44,-276.61,-11.1,35.85,-0.3,-90.4,1.96,-2.48,2025-03-12T10:27:17.149990
765.87,205.57,775.15,-17.8,6.89,-10.18,-19.19,-3.8,31.06,2025-03-12T10:27:17.225749,876.95,14.65,-291.02,9.94,22.44,1.28,-92.67,0.67,-4.46,2025-03-12T10:27:17.225749
893.07,174.07,491.21,-11.28,-7.93,-16.04,-19.73,-3.97,32.06,2025-03-12T10:27:17.226620,873.54,20.02,-312.99,-14.94,-1.04,15.98,-94.88,-0.74,-4.54,2025-03-12T10:27:17.226620
1479.49,471.44,-399.17,-103.29,-132.93,3.48,-19.71,-3.46,32.32,2025-03-12T10:27:17.336475,835.69,-407.71,-608.64,36.22,-65.24,35.49,-97.08,-1.88,-5.16,2025-03-12T10:27:17.336475
-446.53,47.85,1294.19,40.0,-10.49,-48.48,-19.64,-3.2,32.26,2025-03-12T10:27:17.337137,1378.42,174.07,171.63,-31.16,-44.02,38.23,-99.0,-2.97,-2.93,2025-03-12T10:27:17.337137
528.08,48.34,1250.0,-16.65,-19.51,-3.54,-19.61,-2.94,32.22,2025-03-12T10:27:17.337594,1040.53,6.35,-135.25,64.7,-41.95,18.48,-100.56,-3.8,-2.86,2025-03-12T10:27:17.337594
473.14,-18.8,1005.37,6.77,-5.85,-5.73,-19.44,-2.52,32.29,2025-03-12T10:27:17.365407,1148.68,-187.5,-244.63,-43.78,-54.45,37.26,-101.78,-4.31,-3.61,2025-03-12T10:27:17.365407
353.03,-193.12,944.82,10.49,-6.59,-0.43,-19.34,-2.26,32.39,2025-03-12T10:27:17.422661,1132.81,-423.1,-124.27,-12.26,-47.93,17.93,-102.87,-4.61,-2.93,2025-03-12T10:27:17.422661
375.98,-194.34,907.47,16.71,2.44,-5.37,-19.2,-2.13,32.53,2025-03-12T10:27:17.430036,891.11,-81.79,-184.81,13.41,-28.96,5.43,-103.79,-4.9,-3.23,2025-03-12T10:27:17.430036
364.5,-64.94,946.29,10.79,2.5,-4.82,-19.09,-1.96,32.72,2025-03-12T10:27:17.464838,1009.28,-122.07,-156.49,-47.68,-27.99,12.68,-104.84,-5.02,-3.1,2025-03-12T10:27:17.464838
357.42,-112.06,926.76,2.07,3.23,-3.23,-19.0,-1.73,32.96,2025-03-12T10:27:17.530134,955.57,-158.2,-158.45,6.89,-22.62,0.06,-105.96,-5.03,-2.49,2025-03-12T10:27:17.530134
358.15,-128.91,924.32,1.34,4.57,-5.12,-18.96,-1.45,33.14,2025-03-12T10:27:17.535000,953.86,-53.96,-184.81,-20.67,-21.04,3.72,-107.05,-5.25,-2.5,2025-03-12T10:27:17.535000
325.2,-149.66,907.96,3.35,4.82,-6.89,-19.28,-1.54,33.14,2025-03-12T10:27:17.569908,992.19,-118.65,-63.72,-40.37,-24.33,2.01,-107.89,-5.63,-2.32,2025-03-12T10:27:17.569908
358.89,-117.43,949.71,9.7,2.56,-5.67,-20.04,-1.86,33.44,2025-03-12T10:27:17.625375,978.76,-111.33,-73.0,6.34,-30.12,4.27,-108.94,-6.16,-2.64,2025-03-12T10:27:17.625375
288.82,57.37,1016.6,1.4,-2.38,1.4,-21.56,-0.57,34.58,2025-03-12T10:27:17.643431,954.59,83.25,-64.21,36.28,-37.99,8.48,-110.79,-6.11,-0.9,2025-03-12T10:27:17.643431
185.79,-99.37,1113.77,-5.61,-11.83,-6.1,-26.1,2.7,35.55,2025-03-12T10:27:17.675001,1308.35,-13.92,135.99,24.94,-53.78,17.44,-112.79,-6.28,0.66,2025-03-12T10:27:17.675001
-72.27,-314.21,1239.26,45.49,-40.06,-50.67,-28.33,3.22,34.57,2025-03-12T10:27:17.725950,1436.77,25.15,-40.04,-48.17,-56.65,27.26,-114.23,-6.21,1.44,2025-03-12T10:27:17.725950
-257.81,-207.28,1582.03,56.83,-69.88,-51.46,-28.92,2.53,33.54,2025-03-12T10:27:17.746226,1369.63,-129.39,-170.9,-54.27,-55.73,23.48,-114.06,-5.82,1.24,2025-03-12T10:27:17.746226
-707.52,106.2,1174.32,14.82,4.02,22.5,-27.68,3.55,34.99,2025-03-12T10:27:17.781317,1100.83,129.39,91.06,-37.01,-15.85,-6.52,-112.82,-5.36,0.61,2025-03-12T10:27:17.781317
-266.36,155.52,961.43,4.33,33.05,-27.99,-26.14,4.16,36.39,2025-03-12T10:27:17.836044,920.41,244.87,145.26,17.62,39.51,-19.57,-111.87,-3.56,3.73,2025-03-12T10:27:17.836044
-2.44,-241.21,869.38,8.84,29.39,-41.16,-24.73,4.17,36.02,2025-03-12T10:27:17.851276,836.91,192.63,89.36,-47.07,46.59,-15.24,-110.65,-2.58,4.39,2025-03-12T10:27:17.851276
40.77,-272.71,929.93,19.7,20.98,1.28,-23.66,3.99,34.73,2025-03-12T10:27:17.886470,931.88,-99.61,95.7,-22.93,37.56,-16.65,-109.25,-2.38,1.99,2025-03-12T10:27:17.886470
76.42,-252.2,962.16,10.61,14.88,32.44,-22.37,3.66,33.62,2025-03-12T10:27:17.938507,1021.24,-56.88,-25.63,49.76,41.46,-18.54,-107.57,-1.75,1.03,2025-03-12T10:27:17.938507
154.3,-181.88,1067.38,8.48,17.8,57.32,-20.74,3.16,33.04,2025-03-12T10:27:17.955972,1064.45,-50.29,-113.53,47.38,45.3,-24.7,-105.67,-1.0,0.55,2025-03-12T10:27:17.955972
2.44,24.41,750.24,10.85,10.85,54.63,-19.14,2.89,32.47,2025-03-12T10:27:17.990609,1099.37,-28.08,-184.33,50.12,53.9,-31.22,-103.47,-0.29,-0.08,2025-03-12T10:27:17.990609
474.37,-82.28,1502.69,-21.65,10.79,40.3,-17.54,2.39,31.2,2025-03-12T10:27:18.037884,1108.4,32.96,-205.32,7.93,63.9,-35.91,-101.22,0.33,-1.28,2025-03-12T10:27:18.037884
375.73,104.0,904.79,-19.7,70.49,7.26,-16.42,1.6,29.35,2025-03-12T10:27:18.061069,1012.21,-70.8,-277.1,-21.52,81.89,-29.82,-99.19,0.92,-3.06,2025-03-12T10:27:18.061069
411.13,41.75,729.49,-18.54,28.23,-3.84,-15.7,0.84,27.56,2025-03-12T10:27:18.136364,990.97,-20.51,-301.51,-3.78,87.13,-25.37,-97.33,1.48,-5.18,2025-03-12T10:27:18.136364
953.86,62.26,1124.76,-50.24,43.41,17.99,-14.92,0.51,25.81,2025-03-12T10:27:18.137114,917.24,-62.74,-395.75,13.11,90.0,-33.48,-95.63,1.94,-6.92,2025-03-12T10:27:18.137114
891.85,240.23,599.37,-16.52,69.7,0.06,-14.47,0.23,24.9,2025-03-12T10:27:18.166326,915.04,-38.57,-376.71,-2.99,71.04,-27.62,-94.06,2.57,-8.15,2025-03-12T10:27:18.166326
998.29,258.06,468.02,-18.96,30.49,-15.98,-13.91,-0.49,25.54,2025-03-12T10:27:18.242970,882.57,-59.57,-366.94,-2.01,44.94,-17.68,-92.25,2.95,-7.88,2025-03-12T10:27:18.242970
1041.26,157.47,603.03,-11.16,10.55,-23.05,-13.43,-1.23,25.93,2025-03-12T10:27:18.243897,855.47,-104.74,-347.9,-14.76,12.26,1.22,-90.66,2.86,-6.75,2025-03-12T10:27:18.243897
940.92,240.72,365.23,8.11,-7.32,-42.87,-13.49,-1.92,26.1,2025-03-12T10:27:18.446089,815.92,-102.54,-349.12,-13.54,-19.09,11.77,-89.62,2.87,-6.73,2025-03-12T10:27:18.446089
811.77,140.87,-37.11,-55.18,-47.38,-57.01,-13.39,-2.31,26.64,2025-03-12T10:27:18.446891,823.73,-208.01,-322.27,-5.55,-42.32,30.98,-89.16,2.69,-6.87,2025-03-12T10:27:18.446891
432.13,-699.95,1673.83,-82.62,-168.35,-28.6,-14.48,-3.01,27.27,2025-03-12T10:27:18.447546,1439.7,429.93,312.26,-68.54,-55.55,47.56,-89.72,1.94,-6.56,2025-03-12T10:27:18.447546
247.56,45.9,1388.43,23.29,-69.27,-6.34,-17.31,-4.46,27.81,2025-03-12T10:27:18.448075,927.73,-570.56,-297.36,95.43,-63.78,29.02,-92.45,0.74,-8.13,2025-03-12T10:27:18.448075
412.35,-57.86,962.16,-18.17,-13.66,0.0,-18.78,-3.42,28.42,2025-03-12T10:27:18.448561,719.48,192.14,-451.66,27.2,-42.26,34.39,-93.9,-0.74,-7.31,2025-03-12T10:27:18.448561
370.12,-32.71,980.22,-10.98,-14.33,3.29,-19.36,-3.86,28.8,2025-03-12T10:27:18.449004,963.87,-47.36,-16.36,-73.11,-25.61,29.63,-95.4,-1.4,-8.84,2025-03-12T10:27:18.449004
350.59,-225.59,915.04,-3.48,-6.1,1.1,-19.63,-3.68,28.83,2025-03-12T10:27:18.481119,953.61,-308.35,-80.08,-4.88,-31.28,16.52,-97.27,-2.55,-7.35,2025-03-12T10:27:18.481119
359.13,-143.07,932.62,17.01,-6.52,-7.26,-19.77,-3.34,28.75,2025-03-12T10:27:18.551045,981.2,-100.83,-130.62,-5.3,-30.3,14.88,-98.85,-3.05,-7.47,2025-03-12T10:27:18.551045
374.51,-38.33,945.8,13.84,-2.74,-5.49,-19.68,-2.77,28.75,2025-03-12T10:27:18.552877,970.46,-38.33,-150.63,-10.55,-30.91,12.8,-99.8,-3.31,-7.08,2025-03-12T10:27:18.552877
356.45,-152.34,925.54,-0.3,0.37,-4.51,-19.6,-2.48,28.79,2025-03-12T10:27:18.586670,968.99,-151.86,-105.47,-28.78,-25.0,10.61,-100.87,-3.43,-5.84,2025-03-12T10:27:18.586670
372.31,-138.67,929.69,0.18,4.7,-7.01,-19.5,-2.42,28.91,2025-03-12T10:27:18.649298,992.92,-121.09,-146.0,-17.8,-25.85,5.06,-101.63,-3.56,-6.07,2025-03-12T10:27:18.649298
330.08,-152.1,922.85,4.7,7.2,-9.15,-19.39,-2.33,29.07,2025-03-12T10:27:18.656451,949.95,-40.77,9.77,-48.23,-31.4,4.82,-102.43,-3.43,-4.92,2025-03-12T10:27:18.656451
360.84,-122.8,923.1,6.1,3.54,-8.17,-19.24,-2.14,29.23,2025-03-12T10:27:18.693273,961.67,-120.61,-77.88,2.32,-36.95,2.38,-103.37,-3.31,-3.81,2025-03-12T10:27:18.693273
354.98,-140.62,943.85,3.48,2.87,-6.71,-19.19,-1.84,29.27,2025-03-12T10:27:18.753492,967.53,20.26,-174.07,8.66,-43.17,7.74,-104.36,-3.62,-4.36,2025-03-12T10:27:18.753492
364.01,-65.92,949.71,3.78,-0.37,-3.11,-19.34,-2.01,29.22,2025-03-12T10:27:18.761082,886.72,-48.34,-160.89,-10.06,-44.39,8.72,-105.64,-4.3,-5.32,2025-03-12T10:27:18.761082
196.53,-197.27,1049.32,-4.33,-13.9,-1.52,-19.86,-1.67,29.72,2025-03-12T10:27:18.796176,1298.83,-109.86,77.88,4.63,-42.26,12.44,-107.54,-5.02,-5.52,2025-03-12T10:27:18.796176
263.67,-221.19,1217.77,5.24,-23.84,-43.96,-21.78,0.68,30.99,2025-03-12T10:27:18.855545,1457.52,-103.76,-50.29,-31.22,-49.76,22.44,-109.84,-5.32,-3.45,2025-03-12T10:27:18.855545
213.13,-372.07,1126.22,55.37,-97.56,-90.06,-23.15,2.48,31.58,2025-03-12T10:27:18.873004,1204.59,-123.54,-291.75,-68.66,-47.99,20.98,-111.72,-5.31,-1.87,2025-03-12T10:27:18.873004
-130.13,-338.38,1768.8,6.22,-87.2,-45.3,-22.76,2.41,31.07,2025-03-12T10:27:18.903344,968.75,-150.88,-176.03,-40.12,-32.13,2.74,-111.58,-4.65,-1.34,2025-03-12T10:27:18.903344
-365.97,179.2,1237.06,-14.15,-25.67,16.22,-21.41,3.16,32.17,2025-03-12T10:27:18.958104,990.23,-133.79,52.49,22.68,24.39,-9.51,-109.92,-3.93,-1.58,2025-03-12T10:27:18.958104
-143.55,20.02,959.47,-0.37,26.77,-41.46,-20.35,3.81,33.06,2025-03-12T10:27:18.974037,758.3,284.67,82.76,-54.51,37.2,-6.52,-108.49,-2.84,-0.06,2025-03-12T10:27:18.974037
-48.1,-328.86,878.42,14.33,32.44,-35.67,-19.58,4.18,32.52,2025-03-12T10:27:19.007306,911.38,75.2,43.95,-36.95,31.4,-15.24,-106.95,-2.28,-0.26,2025-03-12T10:27:19.007306
17.09,-238.04,993.65,9.27,28.29,26.71,-19.14,3.88,31.16,2025-03-12T10:27:19.060196,937.5,-103.27,-19.29,62.26,34.15,-25.98,-105.3,-2.1,-2.18,2025-03-12T10:27:19.060196
192.87,-55.18,1070.31,4.57,39.09,44.94,-18.53,3.49,29.08,2025-03-12T10:27:19.077925,1022.22,74.71,-98.39,38.35,50.98,-27.38,-103.51,-1.63,-4.03,2025-03-12T10:27:19.077925
212.4,-71.04,975.83,5.3,41.71,31.65,-18.89,2.88,27.43,2025-03-12T10:27:19.112722,1020.51,44.92,-108.4,-0.55,54.21,-22.56,-101.51,-0.89,-5.77,2025-03-12T10:27:19.112722
289.55,-67.14,1228.03,-4.94,36.04,26.34,-17.99,1.74,26.54,2025-03-12T10:27:19.160580,1072.75,-89.6,-170.65,9.33,60.91,-28.17,-99.11,0.37,-5.85,2025-03-12T10:27:19.160580
360.84,-5.62,1025.15,-10.0,55.98,14.45,-15.65,1.14,26.71,2025-03-12T10:27:19.183110,1056.4,8.3,-191.89,-4.94,70.67,-24.45,-96.24,1.35,-5.35,2025-03-12T10:27:19.183110
396.48,-236.33,992.43,-11.28,49.82,11.16,-15.29,0.24,26.93,2025-03-12T10:27:19.219383,1031.74,-99.61,-206.54,15.18,73.29,-22.99,-93.28,2.29,-5.48,2025-03-12T10:27:19.219383
549.32,-98.39,1016.11,-10.61,36.28,41.34,-13.08,-1.01,26.82,2025-03-12T10:27:19.276251,1082.52,-204.59,-238.04,48.66,67.26,-33.29,-90.53,3.39,-5.75,2025-03-12T10:27:19.276251
626.46,-1.71,865.97,-6.1,45.98,46.89,-11.22,-1.45,27.07,2025-03-12T10:27:19.288399,934.33,-63.96,-276.12,38.35,61.34,-21.77,-88.43,4.2,-5.72,2025-03-12T10:27:19.288399
540.04,-42.48,759.28,5.49,27.26,40.73,-10.67,-1.84,27.84,2025-03-12T10:27:19.363006,971.68,-67.14,-210.69,38.05,50.85,-15.43,-87.13,4.65,-5.72,2025-03-12T10:27:19.363006
590.09,183.59,975.1,-7.99,11.16,49.09,-10.48,-1.68,28.78,2025-03-12T10:27:19.367436,1047.36,-173.83,-283.45,33.35,40.43,-27.56,-87.14,4.38,-5.14,2025-03-12T10:27:19.367436
708.01,233.15,717.04,-17.2,25.18,-21.59,-11.48,-1.17,30.4,2025-03-12T10:27:19.392836,816.89,2.44,-346.92,-28.66,40.73,-0.98,-88.02,3.82,-4.79,2025-03-12T10:27:19.392836
718.02,-93.75,665.77,-5.37,6.59,-18.35,-14.48,-2.87,32.83,2025-03-12T10:27:19.470256,761.23,-45.41,-243.65,-29.7,22.32,7.32,-89.66,2.38,-4.61,2025-03-12T10:27:19.470256
708.01,-52.73,639.4,-7.07,-22.44,15.06,-18.0,-3.7,33.72,2025-03-12T10:27:19.470847,993.16,-220.46,-322.02,35.0,8.9,4.02,-91.24,0.65,-1.9,2025-03-12T10:27:19.470847
904.54,110.6,738.53,14.51,-15.73,15.18,-19.58,-3.01,33.77,2025-03-12T10:27:19.497897,897.22,-84.96,-308.35,37.07,-11.65,13.6,-93.42,-0.1,-5.97,2025-03-12T10:27:19.497897
1059.57,288.33,131.1,-9.94,-91.34,8.72,-20.17,-3.57,33.94,2025-03-12T10:27:19.572640,878.91,-79.1,-364.99,43.29,-46.34,35.3,-94.95,-1.34,-5.87,2025-03-12T10:27:19.572640
72.27,154.54,1561.04,-10.06,-57.93,-9.02,-20.51,-3.94,34.0,2025-03-12T10:27:19.573307,1107.18,180.42,-127.44,-26.22,-38.78,27.62,-96.32,-2.14,-3.59,2025-03-12T10:27:19.573307
566.89,-315.19,474.12,-53.78,-55.79,-2.38,-20.66,-3.97,34.0,2025-03-12T10:27:19.602525,1212.4,-278.56,-107.18,35.24,-32.5,25.0,-97.4,-2.78,-3.62,2025-03-12T10:27:19.602525
245.61,-559.81,1001.95,-36.16,-47.5,12.87,-20.86,-3.26,34.01,2025-03-12T10:27:19.671385,972.66,71.04,27.83,28.9,-37.44,32.26,-98.56,-3.26,-3.35,2025-03-12T10:27:19.671385
406.74,78.61,1068.85,-23.66,-20.06,-3.6,-20.93,-2.98,34.07,2025-03-12T10:27:19.674241,1051.03,27.83,-107.18,-7.07,-42.99,26.4,-99.63,-3.63,-2.67,2025-03-12T10:27:19.674241
436.52,-185.79,965.33,2.07,-7.68,-3.05,0.0,0.0,0.0,2025-03-12T10:27:19.714428,1022.22,-304.93,-141.11,-34.63,-41.52,24.27,-100.99,-3.9,-1.5,2025-03-12T10:27:19.714428
347.66,-177.98,936.52,17.07,-0.18,-4.27,nan,nan,nan,2025-03-12T10:27:19.775329,988.53,-132.32,-235.84,-6.65,-28.35,9.57,-102.09,-3.75,-0.05,2025-03-12T10:27:19.775329
361.33,-96.92,942.14,21.77,-1.4,-3.72,0.0,0.0,0.0,2025-03-12T10:27:19.779554,978.27,-54.44,-116.46,-24.02,-26.52,11.34,-103.29,-3.82,0.44,2025-03-12T10:27:19.779554
355.71,-104.0,932.62,8.84,2.68,-2.56,0.0,0.0,0.0,2025-03-12T10:27:19.818185,968.51,-83.01,-52.0,-1.59,-21.28,7.38,-104.66,-4.08,0.03,2025-03-12T10:27:19.818185
373.05,-140.14,926.76,5.06,2.32,-3.96,nan,nan,nan,2025-03-12T10:27:19.881543,995.61,-145.75,-122.8,-1.22,-25.85,6.65,-106.2,-4.29,0.42,2025-03-12T10:27:19.881543
369.38,-90.09,923.1,4.82,4.09,-5.85,nan,nan,nan,2025-03-12T10:27:19.885824,961.91,-79.59,-201.17,-13.11,-21.52,5.0,-107.61,-4.7,0.44,2025-03-12T10:27:19.885824
367.92,-119.63,929.93,3.11,3.54,-3.17,nan,nan,nan,2025-03-12T10:27:19.919441,980.71,-174.56,-143.07,-9.45,-22.44,2.26,-109.39,-5.07,1.39,2025-03-12T10:27:19.919441
354.74,-120.36,934.57,5.49,4.82,-3.6,nan,nan,nan,2025-03-12T10:27:19.978995,967.29,-35.64,-143.55,3.78,-24.51,2.56,-111.42,-5.08,3.59,2025-03-12T10:27:19.978995
353.03,-112.79,937.5,0.55,1.71,-2.87,nan,nan,nan,2025-03-12T10:27:19.993143,952.39,-102.54,-130.86,-17.07,-27.62,3.05,-113.12,-4.9,5.6,2025-03-12T10:27:19.993143
350.59,-78.12,946.53,-4.27,0.61,-3.41,nan,nan,nan,2025-03-12T10:27:20.023264,994.14,-236.33,19.04,-12.07,-35.79,1.77,-113.65,-4.48,6.34,2025-03-12T10:27:20.023264
294.92,-231.45,954.83,1.4,-4.39,-15.55,0.0,0.0,0.0,2025-03-12T10:27:20.087749,1120.36,-12.94,126.71,-25.06,-39.33,4.15,-112.54,-4.29,6.04,2025-03-12T10:27:20.087749
256.35,-226.32,1083.74,-2.13,-12.44,-36.28,nan,nan,nan,2025-03-12T10:27:20.105050,1249.02,-27.34,-48.1,-29.27,-43.9,10.0,-111.36,-3.22,7.86,2025-03-12T10:27:20.105050
155.27,-366.46,1104.25,27.07,-53.9,-75.12,0.0,0.0,0.0,2025-03-12T10:27:20.133802,1330.08,-112.79,-235.6,-40.43,-42.56,18.84,-110.19,-2.52,7.91,2025-03-12T10:27:20.133802
246.34,-159.42,1112.06,33.72,-75.37,-99.45,0.0,0.0,0.0,2025-03-12T10:27:20.185022,1037.35,12.21,-318.36,-90.85,-25.91,16.65,-108.61,-2.32,5.46,2025-03-12T10:27:20.185022
-245.61,-568.85,1116.46,-24.21,12.93,-55.91,0.0,0.0,0.0,2025-03-12T10:27:20.210184,963.62,-19.04,39.31,-139.51,6.4,7.5,-106.69,-1.71,4.42,2025-03-12T10:27:20.210184
-25.63,-135.5,938.96,-9.51,21.22,-33.9,nan,nan,nan,2025-03-12T10:27:20.284126,865.72,17.09,41.99,-15.98,34.82,-2.13,-104.62,-0.94,4.11,2025-03-12T10:27:20.284126
50.54,-199.22,878.91,-2.13,17.62,-17.8,0.0,0.0,0.0,2025-03-12T10:27:20.287134,892.82,109.86,20.26,-5.55,31.77,-4.94,-102.39,-0.0,3.72,2025-03-12T10:27:20.287134
123.54,-124.76,946.29,12.74,13.54,28.11,0.0,0.0,0.0,2025-03-12T10:27:20.316817,943.85,-7.81,21.24,22.2,28.72,-11.1,-99.85,0.78,3.6,2025-03-12T10:27:20.316817
106.45,-126.95,1035.4,7.56,22.07,38.05,nan,nan,nan,2025-03-12T10:27:20.393334,976.32,25.39,-73.24,53.72,31.22,-14.33,-97.38,1.49,2.62,2025-03-12T10:27:20.393334
73.0,-39.55,1098.14,-8.35,36.83,30.06,0.0,0.0,0.0,2025-03-12T10:27:20.394181,1015.38,74.71,-93.99,8.72,47.07,-20.24,-95.19,2.36,0.79,2025-03-12T10:27:20.394181
143.31,16.85,1005.37,-13.11,38.11,10.43,0.0,0.0,0.0,2025-03-12T10:27:20.510098,1030.27,71.53,-83.5,-22.01,51.89,-19.7,-93.28,2.89,-0.47,2025-03-12T10:27:20.510098
199.46,27.59,1032.71,-24.27,38.96,-13.9,nan,nan,nan,2025-03-12T10:27:20.510907,1103.76,-61.77,-122.07,-26.71,55.85,-17.01,-91.19,3.89,-2.56,2025-03-12T10:27:20.510907
418.21,4.64,972.17,-19.82,44.82,-49.88,0.0,0.0,0.0,2025-03-12T10:27:20.511517,960.69,-40.77,-193.85,-53.9,67.2,-0.91,-89.79,4.15,-2.09,2025-03-12T10:27:20.511517
551.51,-410.16,864.26,-9.63,34.02,11.71,82.46,-79.1,-74.24,2025-03-12T10:27:20.532619,985.35,-277.83,-173.34,9.33,54.27,-11.22,-88.74,3.86,-0.87,2025-03-12T10:27:20.532619
529.79,-83.98,754.64,10.55,13.54,75.61,0.0,0.0,0.0,2025-03-12T10:27:20.594491,1025.88,-61.04,-280.52,116.65,42.8,-20.37,-88.52,3.6,-1.51,2025-03-12T10:27:20.594491
645.51,200.44,998.29,5.06,-9.33,75.98,nan,nan,nan,2025-03-12T10:27:20.605764,907.96,54.2,-299.07,73.29,41.16,-15.18,-88.95,3.23,-2.95,2025-03-12T10:27:20.605764
527.59,202.88,829.59,-4.15,17.5,34.27,0.0,0.0,0.0,2025-03-12T10:27:20.641212,957.76,-70.8,-290.77,14.51,38.05,-5.12,-90.44,2.13,-4.29,2025-03-12T10:27:20.641212
490.23,49.32,694.34,-8.54,9.21,10.61,nan,nan,nan,2025-03-12T10:27:20.729348,913.82,-20.75,-246.09,-0.43,35.73,-2.01,-92.04,1.13,-4.2,2025-03-12T10:27:20.729348
704.83,-19.04,1012.94,-23.6,-16.77,15.91,0.0,0.0,0.0,2025-03-12T10:27:20.730011,939.7,-120.12,-240.72,16.77,30.61,1.34,-92.95,0.1,-4.38,2025-03-12T10:27:20.730011
668.46,152.83,522.95,-5.98,11.4,18.66,0.0,0.0,0.0,2025-03-12T10:27:20.749076,897.22,-25.39,-246.58,19.82,11.4,4.02,-94.32,-0.81,-5.7,2025-03-12T10:27:20.749076
1041.75,194.34,294.68,-1.46,-23.84,6.95,0.0,0.0,0.0,2025-03-12T10:27:20.802785,920.9,-49.8,-348.88,33.54,-9.94,16.46,-95.71,-1.89,-5.94,2025-03-12T10:27:20.802785
975.83,-92.29,2221.19,48.29,-32.62,1.22,nan,nan,nan,2025-03-12T10:27:20.826389,1330.32,-268.55,-233.64,52.8,-55.0,25.0,-97.25,-2.68,-4.44,2025-03-12T10:27:20.826389
534.67,-434.57,911.38,9.94,-38.17,-6.59,0.0,0.0,0.0,2025-03-12T10:27:20.899098,1248.54,-111.82,-178.71,-16.1,-30.37,37.44,-98.35,-3.21,-4.16,2025-03-12T10:27:20.899098
323.24,29.79,1044.43,-66.04,-27.38,4.63,0.0,0.0,0.0,2025-03-12T10:27:20.901275,993.16,77.64,-47.61,20.0,-35.3,30.61,-99.39,-3.42,-3.35,2025-03-12T10:27:20.901275
510.01,-66.65,1080.08,10.06,-3.84,0.37,0.0,0.0,0.0,2025-03-12T10:27:20.933190,1106.93,-34.67,-94.73,28.23,-33.96,24.27,-100.53,-3.81,-3.07,2025-03-12T10:27:20.933190
364.75,-193.6,905.76,9.02,-5.98,-0.61,nan,nan,nan,2025-03-12T10:27:21.008366,1016.11,-222.66,-52.98,-11.04,-22.99,19.7,-101.36,-4.01,-2.9,2025-03-12T10:27:21.008366
367.43,-133.79,926.76,6.89,4.63,-3.66,0.0,0.0,0.0,2025-03-12T10:27:21.008932,989.75,-172.12,-104.74,-10.79,-16.83,17.68,-102.16,-4.06,-2.37,2025-03-12T10:27:21.008932
387.94,-110.11,926.51,2.56,1.4,-0.91,nan,nan,nan,2025-03-12T10:27:21.125721,1007.08,-213.87,-151.12,6.46,-11.1,6.34,-102.92,-4.11,-2.19,2025-03-12T10:27:21.125721
351.32,-116.21,942.87,3.48,1.46,-0.73,0.0,0.0,0.0,2025-03-12T10:27:21.126575,976.32,-137.45,-111.57,-8.29,-5.18,5.0,-103.78,-4.19,-2.14,2025-03-12T10:27:21.126575
366.94,-123.05,924.07,1.77,2.07,-2.93,0.0,0.0,0.0,2025-03-12T10:27:21.127209,988.77,-144.53,-115.97,0.12,-0.12,-0.06,-104.81,-4.17,-1.61,2025-03-12T10:27:21.127209
370.85,-138.67,924.32,-0.55,2.74,-3.23,0.0,0.0,0.0,2025-03-12T10:27:21.149620,994.63,-120.36,-52.73,-11.77,-1.34,-1.59,-105.95,-4.09,-1.08,2025-03-12T10:27:21.149620
351.56,-99.61,944.34,-1.1,4.15,-6.65,0.0,0.0,0.0,2025-03-12T10:27:21.209118,1013.43,-158.45,-74.22,-9.7,-1.22,-3.48,-107.44,-4.03,-0.13,2025-03-12T10:27:21.209118
367.43,-114.01,933.11,-0.67,4.33,-6.71,0.0,0.0,0.0,2025-03-12T10:27:21.227036,1003.42,-70.07,-92.77,-19.09,-3.54,-5.12,-109.15,-4.1,0.99,2025-03-12T10:27:21.227036
351.56,-121.34,934.33,-0.79,0.79,-4.21,0.0,0.0,0.0,2025-03-12T10:27:21.260982,977.54,-62.99,-3.42,-33.54,-8.6,-2.8,-110.64,-4.12,2.88,2025-03-12T10:27:21.260982
344.97,-157.47,949.22,2.32,-0.3,-6.95,115.04,21.1,115.65,2025-03-12T10:27:21.309324,1065.19,-86.67,27.59,-4.27,-16.89,-3.23,-111.47,-3.23,6.59,2025-03-12T10:27:21.309324
363.28,-133.06,921.88,4.94,-2.5,-7.87,nan,nan,nan,2025-03-12T10:27:21.331008,962.4,-50.54,-70.31,-15.73,-20.43,-0.06,-110.92,-1.96,10.25,2025-03-12T10:27:21.331008
364.99,-124.02,920.41,4.94,-3.54,-7.5,0.0,0.0,0.0,2025-03-12T10:27:21.368280,1016.6,-122.31,-122.56,-9.33,-22.38,-0.67,-109.64,-1.73,10.52,2025-03-12T10:27:21.368280
371.58,-112.06,925.54,5.67,-0.61,-8.23,0.0,0.0,0.0,2025-03-12T10:27:21.412391,946.53,-88.87,-207.28,-14.63,-18.23,-0.37,-108.0,-1.4,10.09,2025-03-12T10:27:21.412391
379.64,-71.78,920.41,5.85,0.49,-7.38,0.0,0.0,0.0,2025-03-12T10:27:21.441604,944.34,-95.95,-218.75,-17.01,-15.43,0.91,-106.79,-1.45,8.32,2025-03-12T10:27:21.441604
371.83,-93.75,932.13,2.2,2.13,-5.43,0.0,0.0,0.0,2025-03-12T10:27:21.518683,983.64,-81.54,-244.38,-10.0,-12.07,0.49,-105.25,-1.19,6.88,2025-03-12T10:27:21.518683
367.43,-74.46,935.79,1.71,2.87,-3.23,0.0,0.0,0.0,2025-03-12T10:27:21.519287,1000.24,-89.11,-254.15,-10.37,-6.52,-0.49,-103.48,-0.46,6.74,2025-03-12T10:27:21.519287
367.43,-88.62,932.37,-0.67,1.95,-1.46,0.0,0.0,0.0,2025-03-12T10:27:21.552375,983.64,-96.92,-221.44,-8.78,-2.2,-0.98,-101.7,0.34,7.41,2025-03-12T10:27:21.552375
364.5,-89.6,935.06,-1.16,1.89,-0.61,0.0,0.0,0.0,2025-03-12T10:27:21.617735,982.67,-76.66,-190.19,-2.99,1.04,-1.4,-99.55,1.06,8.58,2025-03-12T10:27:21.617735
356.93,-96.92,929.69,-1.59,1.34,0.49,0.0,0.0,0.0,2025-03-12T10:27:21.624683,983.64,-77.88,-168.7,0.67,2.07,0.12,-97.3,1.32,10.2,2025-03-12T10:27:21.624683
359.62,-96.44,937.74,-1.04,1.34,0.55,0.0,0.0,0.0,2025-03-12T10:27:21.659739,988.28,-74.22,-163.09,4.51,1.22,-1.34,-95.58,1.53,8.64,2025-03-12T10:27:21.659739
353.52,-104.74,937.99,-0.55,0.79,-0.85,0.0,0.0,0.0,2025-03-12T10:27:21.726298,1011.72,-70.8,-153.56,-2.44,2.87,0.91,-94.3,1.84,4.63,2025-03-12T10:27:21.726298
354.0,-90.58,932.37,-1.65,0.55,-0.73,-21.36,11.89,-4.04,2025-03-12T10:27:21.729131,980.71,-78.37,-144.78,-5.18,1.1,0.0,-93.1,2.15,2.8,2025-03-12T10:27:21.729131
354.98,-108.64,924.8,-0.85,0.85,-0.98,nan,nan,nan,2025-03-12T10:27:21.765487,966.31,-86.91,-153.81,-2.93,0.24,0.0,-91.9,2.24,2.39,2025-03-12T10:27:21.765487
352.78,-100.1,929.44,0.3,1.04,-0.61,0.0,0.0,0.0,2025-03-12T10:27:21.824590,977.05,-77.88,-151.61,-2.62,0.12,1.16,-90.77,2.24,2.29,2025-03-12T10:27:21.824590
359.38,-102.54,932.62,0.06,0.85,-0.18,0.0,0.0,0.0,2025-03-12T10:27:21.835219,991.21,-93.02,-175.54,2.62,-0.06,-0.67,-89.99,2.16,1.65,2025-03-12T10:27:21.835219
358.89,-98.39,934.81,0.3,0.61,0.06,0.0,0.0,0.0,2025-03-12T10:27:21.871790,978.76,-73.24,-163.57,0.49,0.43,0.55,-89.87,1.88,0.89,2025-03-12T10:27:21.871790
359.62,-91.8,934.81,-0.24,0.43,0.12,0.0,0.0,0.0,2025-03-12T10:27:21.931194,984.38,-92.29,-159.91,3.05,0.18,-0.49,-90.92,1.05,-0.61,2025-03-12T10:27:21.931194
352.05,-98.39,935.06,0.3,0.67,-0.3,0.0,0.0,0.0,2025-03-12T10:27:21.945244,988.04,-87.16,-160.89,-1.04,0.18,0.3,-92.47,0.14,-1.94,2025-03-12T10:27:21.945244
349.37,-94.73,934.08,0.12,0.55,-0.3,0.0,0.0,0.0,2025-03-12T10:27:21.980288,986.08,-81.79,-161.38,-0.67,0.06,0.06,-93.57,-1.12,-1.98,2025-03-12T10:27:21.980288
349.37,-100.59,935.06,-0.12,-0.12,0.0,0.0,0.0,0.0,2025-03-12T10:27:22.030013,984.38,-67.87,-152.83,-4.39,-0.3,0.73,-94.76,-1.95,-2.87,2025-03-12T10:27:22.030013
347.41,-99.85,935.55,-0.06,0.06,-0.37,0.0,0.0,0.0,2025-03-12T10:27:22.051066,988.53,-92.77,-159.42,-1.4,-0.37,0.55,-95.88,-3.07,-3.83,2025-03-12T10:27:22.051066
355.47,-94.24,935.06,-0.24,-0.18,-0.37,0.0,0.0,0.0,2025-03-12T10:27:22.087449,985.35,-75.68,-163.82,-1.65,-0.43,1.28,-97.06,-4.13,-3.22,2025-03-12T10:27:22.087449
357.67,-102.54,939.45,-0.49,-0.61,0.12,0.0,0.0,0.0,2025-03-12T10:27:22.131239,987.79,-87.4,-167.72,2.38,0.06,0.91,-97.66,-4.65,-2.93,2025-03-12T10:27:22.131239
354.25,-104.25,929.44,-0.67,-0.61,0.3,0.0,0.0,0.0,2025-03-12T10:27:22.160299,989.75,-92.29,-153.56,0.85,0.18,1.28,-97.96,-4.9,-3.09,2025-03-12T10:27:22.160299
353.76,-100.59,936.28,-0.24,-0.79,0.12,0.0,0.0,0.0,2025-03-12T10:27:22.233202,981.45,-95.95,-150.63,1.46,0.0,1.16,-98.11,-5.03,-2.81,2025-03-12T10:27:22.233202
353.76,-108.15,932.13,-0.06,-0.79,-0.06,0.0,0.0,0.0,2025-03-12T10:27:22.234087,982.67,-90.09,-157.47,1.59,-0.55,1.04,-98.11,-5.04,-2.76,2025-03-12T10:27:22.234087
349.37,-95.21,933.84,0.24,-0.73,-0.24,0.0,0.0,0.0,2025-03-12T10:27:22.353090,989.75,-92.29,-156.74,1.83,-0.91,0.49,-98.15,-4.92,-2.34,2025-03-12T10:27:22.353090
354.49,-94.73,939.45,-0.06,-0.3,-0.3,0.0,0.0,0.0,2025-03-12T10:27:22.353879,982.42,-93.26,-156.74,1.46,-1.04,0.43,-98.23,-4.74,-1.97,2025-03-12T10:27:22.353879
353.52,-93.99,928.96,0.24,-0.37,-0.24,0.0,0.0,0.0,2025-03-12T10:27:22.354403,989.75,-98.88,-164.79,1.71,-0.79,-0.06,-98.41,-4.45,-1.15,2025-03-12T10:27:22.354403
354.25,-98.63,928.96,0.12,-0.49,-0.06,nan,nan,nan,2025-03-12T10:27:22.372696,985.11,-95.7,-163.33,0.49,-0.43,0.18,-98.81,-4.22,-0.15,2025-03-12T10:27:22.372696
353.76,-90.33,929.69,-0.12,-0.49,-0.3,0.0,0.0,0.0,2025-03-12T10:27:22.443163,983.64,-93.02,-162.11,0.55,-0.24,0.18,-99.33,-4.12,-0.02,2025-03-12T10:27:22.443163
353.27,-103.03,931.15,-0.12,-0.43,-0.18,0.0,0.0,0.0,2025-03-12T10:27:22.445292,985.11,-91.8,-155.27,0.3,-0.24,0.49,-100.1,-4.03,0.55,2025-03-12T10:27:22.445292
343.99,-97.41,935.55,0.0,-0.67,-0.06,0.0,0.0,0.0,2025-03-12T10:27:22.482837,988.04,-94.97,-157.96,1.16,-0.73,0.49,-100.85,-3.97,0.8,2025-03-12T10:27:22.482837
358.64,-93.51,938.23,0.24,-0.06,-0.18,0.0,0.0,0.0,2025-03-12T10:27:22.542266,991.7,-91.55,-157.71,1.46,-0.73,0.3,-101.56,-3.88,1.2,2025-03-12T10:27:22.542266
354.74,-92.53,937.01,-0.18,-0.49,-0.12,0.0,0.0,0.0,2025-03-12T10:27:22.556945,981.69,-93.51,-166.02,1.34,-0.55,0.61,-102.17,-3.8,1.77,2025-03-12T10:27:22.556945
350.1,-95.46,934.33,-0.24,-0.55,-0.24,0.0,0.0,0.0,2025-03-12T10:27:22.589655,982.18,-95.21,-160.16,0.43,-0.67,0.61,-102.68,-3.75,2.18,2025-03-12T10:27:22.589655
357.91,-96.44,934.08,-0.18,-0.18,-0.06,0.0,0.0,0.0,2025-03-12T10:27:22.643973,980.96,-98.88,-163.09,1.16,-0.18,0.49,-102.98,-3.67,2.52,2025-03-12T10:27:22.643973
354.0,-94.24,931.15,-0.24,-0.3,0.0,0.0,0.0,0.0,2025-03-12T10:27:22.661360,988.28,-96.19,-164.31,0.24,0.3,0.49,-103.12,-3.58,2.86,2025-03-12T10:27:22.661360
353.76,-95.7,933.84,-0.37,-0.24,0.37,0.0,0.0,0.0,2025-03-12T10:27:22.697681,982.42,-99.85,-162.11,0.18,0.55,0.24,-103.1,-3.51,3.0,2025-03-12T10:27:22.697681
353.52,-101.07,934.08,-0.37,-0.73,0.06,0.0,0.0,0.0,2025-03-12T10:27:22.749429,984.13,-93.75,-150.63,0.0,0.12,0.3,-103.01,-3.5,3.03,2025-03-12T10:27:22.749429
359.38,-102.05,935.79,-0.18,-0.18,-0.24,0.0,0.0,0.0,2025-03-12T10:27:22.770313,983.15,-96.44,-151.61,-0.18,-0.3,0.55,-102.88,-3.51,2.86,2025-03-12T10:27:22.770313
359.86,-93.26,933.59,-0.18,-0.24,-0.24,0.0,0.0,0.0,2025-03-12T10:27:22.850471,979.49,-98.63,-159.18,-0.18,-0.49,0.24,-102.76,-3.51,2.99,2025-03-12T10:27:22.850471
348.88,-97.66,930.42,0.06,-0.18,-0.43,0.0,0.0,0.0,2025-03-12T10:27:22.851382,987.3,-99.37,-159.42,-0.43,-0.61,0.49,-102.71,-3.48,3.15,2025-03-12T10:27:22.851382
354.25,-102.05,930.66,-0.06,0.0,-0.37,0.0,0.0,0.0,2025-03-12T10:27:22.879183,988.77,-104.25,-159.18,-0.12,-1.04,0.55,-102.67,-3.47,3.26,2025-03-12T10:27:22.879183
355.22,-103.52,938.96,0.12,-0.18,-0.24,0.0,0.0,0.0,2025-03-12T10:27:22.948940,988.04,-96.92,-162.84,0.43,-0.61,0.06,-102.65,-3.5,3.32,2025-03-12T10:27:22.948940
355.96,-102.05,932.37,0.12,-0.06,-0.12,0.0,0.0,0.0,2025-03-12T10:27:22.951757,981.93,-100.1,-158.94,-0.12,-0.49,-0.18,-102.62,-3.53,3.24,2025-03-12T10:27:22.951757
351.32,-102.05,935.3,0.12,-0.12,-0.24,0.0,0.0,0.0,2025-03-12T10:27:22.989209,982.42,-104.74,-155.03,-0.43,-0.67,0.18,-102.58,-3.56,3.21,2025-03-12T10:27:22.989209
354.25,-100.34,932.37,-0.06,-0.18,-0.67,nan,nan,nan,2025-03-12T10:27:23.023771,994.14,-95.21,-159.91,0.06,-1.4,-0.12,-102.54,-3.57,3.14,2025-03-12T10:27:23.023771
356.93,-97.9,934.57,0.24,-0.37,-0.3,0.0,0.0,0.0,2025-03-12T10:27:23.073131,982.91,-101.32,-157.96,-1.34,-0.85,-0.12,-102.51,-3.58,3.18,2025-03-12T10:27:23.073131
350.59,-101.07,930.18,0.3,-0.06,-0.61,0.0,0.0,0.0,2025-03-12T10:27:23.097096,987.06,-111.33,-161.13,-0.67,-0.55,-0.24,-102.49,-3.59,3.21,2025-03-12T10:27:23.097096
347.17,-102.05,930.66,0.06,-0.06,-0.24,0.0,0.0,0.0,2025-03-12T10:27:23.156236,983.89,-100.83,-162.35,-1.71,-0.73,-0.24,-102.49,-3.59,3.35,2025-03-12T10:27:23.156236
355.71,-100.1,933.35,0.06,0.0,-0.49,0.0,0.0,0.0,2025-03-12T10:27:23.173023,983.15,-103.27,-155.76,-1.1,-0.49,-0.18,-102.47,-3.61,3.42,2025-03-12T10:27:23.173023
354.0,-101.07,932.13,0.24,-0.3,-0.24,0.0,0.0,0.0,2025-03-12T10:27:23.206181,985.35,-99.61,-160.89,-0.61,-0.79,-0.24,-102.46,-3.65,3.48,2025-03-12T10:27:23.206181
357.67,-92.53,934.08,0.18,-0.37,-0.24,0.0,0.0,0.0,2025-03-12T10:27:23.256104,985.84,-105.22,-161.87,-0.67,-0.67,-0.12,-102.42,-3.74,3.42,2025-03-12T10:27:23.256104
356.45,-96.44,936.52,0.0,-0.49,-0.3,0.0,0.0,0.0,2025-03-12T10:27:23.278313,984.62,-100.83,-158.45,-1.59,-0.73,-0.06,-102.39,-3.8,3.39,2025-03-12T10:27:23.278313
346.68,-100.1,931.4,0.3,-0.12,-0.67,0.0,0.0,0.0,2025-03-12T10:27:23.315467,980.96,-102.78,-162.84,-0.79,-0.43,-0.3,-102.37,-3.85,3.35,2025-03-12T10:27:23.315467
351.56,-100.59,929.93,-0.06,0.12,-0.37,0.0,0.0,0.0,2025-03-12T10:27:23.360873,983.89,-95.95,-161.62,-1.59,-0.55,-0.18,-102.36,-3.91,3.31,2025-03-12T10:27:23.360873
350.1,-95.46,934.08,0.12,-0.18,-0.3,nan,nan,nan,2025-03-12T10:27:23.385455,988.28,-102.54,-165.53,-1.04,-0.67,0.12,-102.37,-3.95,3.25,2025-03-12T10:27:23.385455
355.47,-100.34,930.18,-0.06,-0.24,-0.18,0.0,0.0,0.0,2025-03-12T10:27:23.461953,983.4,-99.37,-161.87,-0.49,-0.37,0.24,-102.38,-3.98,3.21,2025-03-12T10:27:23.461953
354.49,-98.39,931.64,-0.06,-0.24,-0.18,nan,nan,nan,2025-03-12T10:27:23.462606,986.08,-96.68,-161.38,-0.43,-0.49,-0.12,-102.37,-4.01,3.16,2025-03-12T10:27:23.462606
349.85,-103.76,935.79,-0.06,-0.12,-0.06,nan,nan,nan,2025-03-12T10:27:23.496305,987.79,-103.27,-158.94,-0.3,-0.24,0.06,-102.37,-4.03,3.16,2025-03-12T10:27:23.496305
356.69,-98.88,936.28,-0.24,-0.3,-0.49,0.0,0.0,0.0,2025-03-12T10:27:23.572715,988.53,-100.1,-161.38,-0.67,-0.18,-0.37,-102.35,-4.05,3.14,2025-03-12T10:27:23.572715
351.81,-103.76,937.01,-0.55,-0.18,-0.18,0.0,0.0,0.0,2025-03-12T10:27:23.573385,983.89,-95.95,-157.96,-0.3,-0.06,-0.06,-102.34,-4.08,3.13,2025-03-12T10:27:23.573385
353.03,-99.85,937.26,0.06,-0.24,-0.06,0.0,0.0,0.0,2025-03-12T10:27:23.599318,980.96,-99.37,-156.25,-1.04,0.0,0.06,-102.34,-4.11,3.09,2025-03-12T10:27:23.599318
353.76,-95.21,933.84,0.18,-0.18,-0.24,0.0,0.0,0.0,2025-03-12T10:27:23.666519,984.86,-101.32,-157.71,-0.3,-0.06,-0.37,-102.34,-4.15,3.05,2025-03-12T10:27:23.666519
355.22,-97.9,942.63,-0.24,-0.3,-0.18,0.0,0.0,0.0,2025-03-12T10:27:23.671529,979.74,-103.03,-160.89,-0.61,0.24,-0.06,-102.33,-4.19,3.02,2025-03-12T10:27:23.671529
353.76,-98.63,931.4,-0.06,-0.24,-0.37,0.0,0.0,0.0,2025-03-12T10:27:23.708429,981.93,-102.54,-156.25,-0.49,0.12,-0.06,-102.32,-4.23,3.01,2025-03-12T10:27:23.708429
354.49,-106.93,936.52,-0.3,-0.12,-0.12,0.0,0.0,0.0,2025-03-12T10:27:23.771202,991.94,-103.52,-158.2,-0.37,0.18,-0.24,-102.3,-4.26,2.98,2025-03-12T10:27:23.771202
352.78,-103.52,933.11,-0.18,-0.24,0.0,0.0,0.0,0.0,2025-03-12T10:27:23.781925,987.06,-101.56,-153.81,-0.18,0.0,-0.12,-102.26,-4.28,2.97,2025-03-12T10:27:23.781925
357.91,-98.39,934.57,-0.24,-0.06,-0.37,0.0,0.0,0.0,2025-03-12T10:27:23.826048,984.62,-104.74,-156.98,-0.3,0.06,-0.06,-102.21,-4.31,2.96,2025-03-12T10:27:23.826048
354.0,-99.85,937.74,-0.06,-0.3,-0.3,0.0,0.0,0.0,2025-03-12T10:27:23.877296,982.42,-103.27,-153.56,-0.73,-0.06,-0.12,-102.18,-4.33,2.95,2025-03-12T10:27:23.877296
352.54,-95.7,937.01,0.18,-0.18,-0.18,0.0,0.0,0.0,2025-03-12T10:27:23.889914,984.86,-98.14,-153.81,-0.91,-0.49,0.12,-102.16,-4.36,2.97,2025-03-12T10:27:23.889914
357.67,-98.88,934.57,-0.06,-0.55,-0.24,nan,nan,nan,2025-03-12T10:27:23.923962,978.52,-103.52,-158.69,-0.06,-0.73,0.06,-102.16,-4.38,2.97,2025-03-12T10:27:23.923962
365.23,-98.14,938.72,-0.06,-0.3,0.06,0.0,0.0,0.0,2025-03-12T10:27:23.974932,987.06,-96.19,-156.25,-0.06,-0.61,-0.18,-102.16,-4.41,2.99,2025-03-12T10:27:23.974932
354.0,-94.24,929.44,0.06,-0.12,-0.3,0.0,0.0,0.0,2025-03-12T10:27:23.995795,983.4,-106.45,-163.09,-0.24,-0.49,-0.3,-102.17,-4.43,2.99,2025-03-12T10:27:23.995795
352.54,-102.05,935.06,-0.24,-0.18,-0.18,0.0,0.0,0.0,2025-03-12T10:27:24.073010,984.62,-101.56,-156.74,-0.18,-0.37,-0.37,-102.17,-4.44,2.99,2025-03-12T10:27:24.073010
351.07,-102.05,932.37,0.12,-0.3,-0.3,0.0,0.0,0.0,2025-03-12T10:27:24.082430,982.91,-100.83,-158.2,-0.55,-0.37,-0.3,-102.17,-4.45,2.99,2025-03-12T10:27:24.082430
352.78,-106.2,934.33,-0.12,-0.06,-0.49,0.0,0.0,0.0,2025-03-12T10:27:24.107522,982.18,-103.03,-162.35,-0.43,-0.37,0.0,-102.17,-4.47,3.01,2025-03-12T10:27:24.107522
358.4,-106.2,930.42,-0.12,-0.06,-0.18,0.0,0.0,0.0,2025-03-12T10:27:24.178416,978.76,-101.07,-154.54,-0.49,-0.24,-0.24,-102.19,-4.48,3.02,2025-03-12T10:27:24.178416
354.0,-98.88,933.35,-0.06,-0.18,-0.12,0.0,0.0,0.0,2025-03-12T10:27:24.180419,983.89,-107.42,-157.71,-0.55,0.0,-0.3,-102.2,-4.48,3.07,2025-03-12T10:27:24.180419
356.45,-101.32,937.26,-0.06,-0.3,-0.06,0.0,0.0,0.0,2025-03-12T10:27:24.216534,986.33,-98.63,-158.45,-0.55,-0.06,-0.18,-102.2,-4.48,3.09,2025-03-12T10:27:24.216534
356.69,-99.12,935.79,-0.06,-0.06,-0.49,0.0,0.0,0.0,2025-03-12T10:27:24.281184,979.98,-101.32,-153.56,-0.73,0.18,-0.12,-102.21,-4.47,3.14,2025-03-12T10:27:24.281184
348.14,-105.47,935.06,-0.18,-0.37,0.06,0.0,0.0,0.0,2025-03-12T10:27:24.289758,985.35,-102.78,-153.32,-0.24,-0.3,0.0,-102.21,-4.47,3.16,2025-03-12T10:27:24.289758
348.88,-99.12,927.73,-0.3,-0.18,-0.3,0.0,0.0,0.0,2025-03-12T10:27:24.325555,986.57,-102.54,-154.3,0.0,-0.12,0.18,nan,nan,nan,2025-03-12T10:27:24.325555
357.42,-99.61,930.66,-0.3,-0.24,-0.43,nan,nan,nan,2025-03-12T10:27:24.387336,980.71,-104.74,-159.91,-0.85,0.12,0.3,-102.22,-4.47,3.2,2025-03-12T10:27:24.387336
350.83,-102.29,932.37,-0.06,-0.3,-0.24,0.0,0.0,0.0,2025-03-12T10:27:24.395853,983.89,-101.32,-152.59,-0.67,0.06,-0.18,-102.22,-4.47,3.24,2025-03-12T10:27:24.395853
352.05,-102.54,933.35,-0.37,-0.37,-0.06,0.0,0.0,0.0,2025-03-12T10:27:24.432563,989.26,-97.9,-158.69,-0.91,0.18,0.49,-102.22,-4.46,3.29,2025-03-12T10:27:24.432563
353.52,-101.56,936.52,-0.3,-0.49,-0.06,0.0,0.0,0.0,2025-03-12T10:27:24.485953,985.84,-96.68,-146.97,-0.85,0.24,0.24,-102.22,-4.45,3.34,2025-03-12T10:27:24.485953
352.54,-103.52,936.28,-0.3,-0.12,-0.24,0.0,0.0,-0.0,2025-03-12T10:27:24.503970,979.74,-100.34,-149.9,-0.18,-0.24,0.18,-102.22,-4.46,3.36,2025-03-12T10:27:24.503970
352.05,-100.34,934.33,0.18,-0.18,-0.24,0.0,0.0,0.0,2025-03-12T10:27:24.541121,988.77,-98.63,-155.27,-0.3,-0.61,0.49,-102.21,-4.47,3.39,2025-03-12T10:27:24.541121
359.13,-97.9,935.55,-0.18,0.0,-0.49,nan,nan,nan,2025-03-12T10:27:24.593624,988.28,-104.0,-160.64,-0.12,-0.61,0.79,-102.21,-4.47,3.39,2025-03-12T10:27:24.593624
362.06,-99.85,929.93,-0.55,-0.49,-0.49,0.0,0.0,0.0,2025-03-12T10:27:24.612790,986.82,-105.22,-154.05,-0.61,-0.49,0.67,-102.19,-4.48,3.4,2025-03-12T10:27:24.612790
352.54,-105.47,940.19,-0.24,-0.06,-0.49,0.0,0.0,0.0,2025-03-12T10:27:24.645176,982.18,-99.61,-153.81,0.49,0.0,0.3,-102.17,-4.48,3.41,2025-03-12T10:27:24.645176
355.22,-99.61,929.93,-0.24,-0.3,0.06,0.0,0.0,0.0,2025-03-12T10:27:24.693060,988.53,-105.96,-154.54,0.67,-0.43,0.3,-102.15,-4.49,3.42,2025-03-12T10:27:24.693060
363.53,-98.63,939.21,-0.49,-0.61,0.3,0.0,0.0,0.0,2025-03-12T10:27:24.716932,986.57,-107.42,-154.79,1.16,-0.55,0.3,-102.14,-4.49,3.45,2025-03-12T10:27:24.716932
344.73,-99.37,938.48,-1.16,-2.38,1.16,0.0,0.0,0.0,2025-03-12T10:27:24.793505,996.09,-84.72,-159.67,4.7,-0.55,-0.37,-102.12,-4.49,3.46,2025-03-12T10:27:24.793505
369.14,-95.7,930.91,-3.66,-5.67,3.54,0.0,0.0,0.0,2025-03-12T10:27:24.793702,986.08,-139.4,-164.55,7.93,-0.73,-2.68,-102.1,-4.49,3.48,2025-03-12T10:27:24.793702
361.08,-112.06,920.65,-3.41,-5.49,2.74,0.0,0.0,0.0,2025-03-12T10:27:25.018839,967.04,-154.3,-149.41,2.01,-0.06,-5.67,-102.07,-4.49,3.49,2025-03-12T10:27:25.018839
364.01,-122.56,923.34,0.06,-1.22,-0.18,0.0,0.0,0.0,2025-03-12T10:27:25.019252,977.05,-166.26,-144.53,-5.79,0.3,-7.56,-102.04,-4.49,3.5,2025-03-12T10:27:25.019252
360.11,-110.11,925.29,3.23,2.99,-2.5,0.0,0.0,0.0,2025-03-12T10:27:25.019658,978.03,-122.56,-142.82,-6.04,0.24,-9.7,-102.02,-4.5,3.5,2025-03-12T10:27:25.019658
355.22,-102.29,935.06,4.15,3.54,-3.23,0.0,0.0,0.0,2025-03-12T10:27:25.019820,993.9,-104.49,-143.31,-8.96,-0.61,-12.56,-102.0,-4.5,3.51,2025-03-12T10:27:25.019820
353.27,-104.74,938.48,3.66,3.54,-4.33,0.0,0.0,0.0,2025-03-12T10:27:25.019989,992.19,-95.7,-146.48,-12.87,-1.16,-14.76,-101.98,-4.5,3.52,2025-03-12T10:27:25.019989
353.52,-93.51,942.14,2.26,3.9,-5.18,-101.98,-4.5,3.52,2025-03-12T10:27:25.020190,987.06,-95.7,-143.8,-17.01,-1.28,-17.26,-101.97,-4.51,3.55,2025-03-12T10:27:25.020190
363.28,-101.07,930.42,4.82,6.89,-6.52,nan,nan,nan,2025-03-12T10:27:25.118195,951.66,-105.96,-163.57,-21.65,-1.77,-19.76,-101.97,-4.52,3.56,2025-03-12T10:27:25.118195
349.85,-100.59,918.95,7.01,7.87,-6.59,0.0,0.0,0.0,2025-03-12T10:27:25.119206,965.33,-17.82,-202.88,-20.85,-0.85,-19.51,-101.97,-4.53,3.56,2025-03-12T10:27:25.119206
330.32,-61.52,957.76,2.38,3.78,-2.8,0.0,0.0,0.0,2025-03-12T10:27:25.119797,1022.46,-6.1,-218.99,-9.21,3.84,-21.4,-101.96,-4.52,3.57,2025-03-12T10:27:25.119797
349.12,-85.69,944.58,-0.67,3.17,-0.98,0.0,0.0,0.0,2025-03-12T10:27:25.148863,982.18,6.59,-227.54,-7.62,8.66,-21.16,-101.95,-4.52,3.58,2025-03-12T10:27:25.148863
336.91,-57.62,947.27,-2.32,3.54,-0.85,0.0,0.0,0.0,2025-03-12T10:27:25.252661,976.56,59.57,-176.03,-22.5,12.2,-18.11,-101.94,-4.52,3.6,2025-03-12T10:27:25.252661
327.64,-82.03,932.62,-7.07,1.46,0.79,0.0,0.0,0.0,2025-03-12T10:27:25.253694,948.24,19.29,-74.95,-23.05,11.89,-17.74,-101.93,-4.52,3.61,2025-03-12T10:27:25.253694
330.57,-93.02,963.62,-6.83,1.59,0.98,0.0,0.0,0.0,2025-03-12T10:27:25.256827,1053.47,11.96,-32.96,-13.84,5.79,-13.54,-101.91,-4.52,3.62,2025-03-12T10:27:25.256827
327.64,-127.93,942.63,-5.06,3.05,-3.6,0.0,0.0,0.0,2025-03-12T10:27:25.324451,980.71,98.63,-50.29,-22.26,0.85,-13.11,-101.89,-4.51,3.64,2025-03-12T10:27:25.324451
330.08,-85.21,924.32,-2.44,2.07,-4.02,0.0,0.0,0.0,2025-03-12T10:27:25.361347,902.59,51.03,-49.32,-27.38,-2.5,-10.24,-101.88,-4.51,3.66,2025-03-12T10:27:25.361347
336.18,-122.8,939.7,-2.2,2.26,-3.35,0.0,0.0,0.0,2025-03-12T10:27:25.407756,1021.24,57.13,-95.7,5.73,-6.52,-8.96,-101.85,-4.52,3.68,2025-03-12T10:27:25.407756
333.98,-96.44,949.22,0.91,2.32,-4.33,0.0,0.0,0.0,2025-03-12T10:27:25.408465,965.09,81.05,-134.28,-14.63,-8.66,-6.52,-101.84,-4.53,3.69,2025-03-12T10:27:25.408465
322.75,-103.52,940.19,2.13,2.26,-4.27,0.0,0.0,0.0,2025-03-12T10:27:25.439475,983.89,46.39,-115.48,-2.07,-8.35,-6.83,-101.81,-4.54,3.7,2025-03-12T10:27:25.439475
334.96,-94.48,937.99,2.68,2.62,-5.12,0.0,0.0,0.0,2025-03-12T10:27:25.511275,971.92,127.93,-175.05,-0.61,-7.5,-4.02,-101.8,-4.55,3.74,2025-03-12T10:27:25.511275
323.73,-83.98,951.17,0.3,0.85,-3.35,0.0,0.0,0.0,2025-03-12T10:27:25.511943,988.28,107.42,-145.51,-7.5,-7.5,-2.01,-101.77,-4.55,3.77,2025-03-12T10:27:25.511943
326.66,-106.93,951.9,-0.12,0.73,-2.5,nan,nan,nan,2025-03-12T10:27:25.553941,983.15,62.5,-140.62,-0.79,-8.96,-0.12,-101.75,-4.56,3.78,2025-03-12T10:27:25.553941
337.4,-87.89,941.16,1.16,0.43,-2.56,-101.75,-4.56,3.78,2025-03-12T10:27:25.614810,969.97,93.02,-178.71,0.37,-7.93,0.43,-101.73,-4.57,3.82,2025-03-12T10:27:25.614810
327.39,-87.65,946.78,0.98,0.18,-2.44,-101.73,-4.57,3.82,2025-03-12T10:27:25.615481,986.33,78.61,-190.92,-2.68,-6.46,1.46,-101.71,-4.59,3.83,2025-03-12T10:27:25.615481
328.12,-81.54,948.97,-0.3,-0.79,-1.46,nan,nan,nan,2025-03-12T10:27:25.648342,982.67,85.21,-173.34,-3.17,-5.61,1.77,-101.71,-4.62,3.85,2025-03-12T10:27:25.648342
337.4,-93.99,946.53,-0.18,-0.55,-1.22,nan,nan,nan,2025-03-12T10:27:25.715404,983.4,62.74,-172.36,1.16,-4.94,1.22,-101.71,-4.66,3.86,2025-03-12T10:27:25.715404
328.12,-86.67,943.6,1.1,-0.43,-1.04,nan,nan,nan,2025-03-12T10:27:25.716173,978.27,62.26,-194.58,3.6,-3.96,1.22,-101.71,-4.67,3.88,2025-03-12T10:27:25.716173
325.2,-89.11,952.15,0.67,-0.85,-0.37,0.0,0.0,0.0,2025-03-12T10:27:25.750432,978.03,63.96,-210.69,5.24,-2.32,0.3,-101.7,-4.7,3.87,2025-03-12T10:27:25.750432
333.01,-78.61,946.04,0.06,-0.61,0.24,0.0,0.0,0.0,2025-03-12T10:27:25.817780,991.46,56.64,-225.83,2.5,1.77,-0.37,-101.69,-4.72,3.86,2025-03-12T10:27:25.817780
332.03,-85.21,943.36,-0.18,-0.55,0.24,0.0,0.0,0.0,2025-03-12T10:27:25.821254,984.62,55.42,-228.27,2.26,4.76,-2.99,-101.68,-4.75,3.82,2025-03-12T10:27:25.821254
338.13,-91.55,948.0,-0.49,-1.1,1.65,0.0,0.0,0.0,2025-03-12T10:27:25.858110,978.76,69.82,-189.45,-6.46,7.2,-3.05,-101.68,-4.78,3.69,2025-03-12T10:27:25.858110
331.79,-86.67,942.14,-0.24,-1.1,1.46,0.0,0.0,0.0,2025-03-12T10:27:25.921305,982.18,82.03,-139.16,-4.33,7.44,-3.11,-101.66,-4.78,3.45,2025-03-12T10:27:25.921305
328.61,-96.68,946.53,0.18,-1.22,1.28,0.0,0.0,0.0,2025-03-12T10:27:25.929912,979.74,63.72,-105.47,0.55,5.18,-2.44,-101.63,-4.68,3.25,2025-03-12T10:27:25.929912
323.73,-91.31,946.29,1.71,-0.43,0.3,0.0,0.0,0.0,2025-03-12T10:27:25.966068,984.86,78.86,-118.16,5.12,3.23,-2.32,-101.61,-4.45,3.36,2025-03-12T10:27:25.966068
333.5,-91.55,948.0,2.62,-0.12,-0.49,0.0,0.0,0.0,2025-03-12T10:27:26.023625,993.65,46.88,-142.09,4.33,1.22,-2.56,-101.59,-4.11,3.51,2025-03-12T10:27:26.023625
337.4,-85.21,948.49,2.26,0.0,-0.18,0.0,0.0,0.0,2025-03-12T10:27:26.039393,983.4,90.33,-165.04,5.43,2.26,-2.62,-101.59,-3.67,3.7,2025-03-12T10:27:26.039393
332.52,-93.26,942.63,1.89,0.06,-0.43,0.0,0.0,0.0,2025-03-12T10:27:26.073985,997.31,57.62,-166.02,2.74,1.95,-3.72,-101.62,-3.11,4.01,2025-03-12T10:27:26.073985
331.54,-91.55,943.85,1.71,0.73,-0.18,0.0,0.0,0.0,2025-03-12T10:27:26.128485,984.13,75.68,-166.02,-0.79,3.9,-3.9,-101.66,-2.46,4.44,2025-03-12T10:27:26.128485
328.12,-82.76,936.77,1.59,0.37,-0.49,0.0,0.0,0.0,2025-03-12T10:27:26.146135,988.04,96.68,-167.72,-5.55,4.88,-4.15,-101.74,-1.29,5.31,2025-03-12T10:27:26.146135
326.17,-81.79,944.34,0.43,0.0,0.43,0.0,0.0,0.0,2025-03-12T10:27:26.186434,989.26,82.28,-118.16,-3.96,4.51,-4.09,-101.78,-0.47,5.86,2025-03-12T10:27:26.186434
330.32,-83.74,935.06,-0.49,0.06,0.24,0.0,0.0,0.0,2025-03-12T10:27:26.225970,979.49,92.53,-109.13,-3.35,2.87,-3.66,-101.7,0.32,6.16,2025-03-12T10:27:26.225970
327.64,-83.25,945.31,0.73,-0.24,0.06,0.0,0.0,0.0,2025-03-12T10:27:26.253779,991.94,93.51,-118.65,0.91,1.95,-3.23,-101.44,1.1,6.24,2025-03-12T10:27:26.253779
336.18,-79.59,948.49,0.18,-0.18,-0.18,0.0,0.0,0.0,2025-03-12T10:27:26.327969,976.07,107.91,-116.46,-1.71,0.3,-2.8,-101.01,1.89,6.74,2025-03-12T10:27:26.327969
335.21,-90.82,948.0,-0.43,-0.55,0.0,0.0,0.0,0.0,2025-03-12T10:27:26.328297,990.48,81.54,-113.77,-0.85,-0.85,-2.32,-100.53,2.64,7.41,2025-03-12T10:27:26.328297
332.28,-83.74,943.36,0.61,0.37,-0.55,0.0,0.0,0.0,2025-03-12T10:27:26.362035,980.71,84.96,-131.59,0.0,-1.52,-1.95,-100.19,3.27,7.92,2025-03-12T10:27:26.362035
