time,ankle_angle_r,ankle_angle_l
0.0,-3.87598818,4.87684191
0.0166667,3.51030972,4.12857122
0.0333333,0.59848305,5.33553699
0.05,-4.9473449,6.75476431
0.0666667,-11.50311855,8.23170475
0.0833333,-17.60289814,9.53231064
0.1,-23.25906963,10.09026485
0.1166667,-27.52817505,10.7286154
0.1333333,-31.01641195,10.68308973
0.15,-33.39744424,9.8619585
0.1666667,-34.37438658,8.39298974
0.1833333,-34.1108237,6.40644827
0.2,-33.17145525,3.95819497
0.2166667,-30.36861636,1.98219588
0.2333333,-26.28643981,-0.26943074
0.25,-21.9539449,-2.04640917
0.2666667,-18.04171287,-3.8106881
0.2833333,-14.79286056,-5.05806427
0.3,-14.23670241,-5.00408303
0.3166667,-15.5866283,-2.95437964
0.3333333,-18.10427669,-1.08847713
0.35,-21.94893057,-0.04004599
0.3666667,-25.96803835,-0.38061087
0.3833333,-28.40569758,-1.38739676
0.4,-29.41014607,-1.76408704
0.4166667,-30.01453749,-0.00804055
0.4333333,-29.3169247,4.62767729
0.45,-29.25680186,9.7019989
0.4666667,-31.92544989,11.88000549
0.4833333,-37.00726624,11.03873988
0.5,-41.14503351,6.3879466
0.5166667,-42.1476835,0.03536932
0.5333333,-39.07192863,-2.47809172
0.55,-32.82729258,-1.72969874
0.5666667,-24.75139082,-1.65710104
0.5833333,-16.41446376,-0.09538979
0.6,-10.54704206,2.21880705
0.6166667,-8.63227004,1.77378319
0.6333333,-8.74615022,-2.99271128
0.65,-9.22727088,-10.10396895
0.6666667,-9.09316172,-11.60182343
0.6833333,-8.33853868,-9.63928848
0.7,-7.57016577,-10.08280564
0.7166667,-6.90589867,-12.66250666
0.7333333,-6.35895976,-15.76591014
0.75,-5.73678446,-17.97031607
0.7666667,-5.07787972,-19.27561201
0.7833333,-4.85098525,-20.11038204
0.8,-5.10152649,-20.48062365
0.8166667,-5.4948986,-20.33850408
0.8333333,-5.93215457,-19.78166953
0.85,-6.47972518,-19.16116229
0.8666667,-7.360156,-18.84492178
0.8833333,-8.92391796,-19.13571538
0.9,-10.69124396,-19.74553152
0.9166667,-12.3040141,-20.28955405
0.9333333,-14.297608,-20.66293035
0.95,-16.61174999,-20.43511747
0.9666667,-18.84085367,-19.34007221
0.9833333,-20.36216649,-18.64509239
1.0,-20.9853603,-18.07590448
1.0166667,-20.57960392,-17.3189848
1.0333333,-19.40676241,-17.05922137
1.05,-17.42236351,-16.07409052
1.0666667,-15.1853867,-14.64401377
1.0833333,-2.84476264,-12.10461727
1.1,6.43250012,-9.56076077
1.1166667,-1.54459322,-7.48466341
1.1333333,-10.03700969,-5.78957939
1.15,-13.83200067,-3.90790002
1.1666667,-13.80500291,-2.50659472
1.1833333,-9.88117408,-1.29438326
1.2,-2.25810769,0.23740623
1.2166667,5.71520473,2.14364888
1.2333333,11.21336925,3.29185933
1.25,13.9676169,3.48577117
1.2666667,15.04800978,3.54816154
1.2833333,15.61908513,4.1034038
1.3,15.06140369,4.77465252
1.3166667,12.77693811,5.04741352
1.3333333,6.87803778,4.67372921
1.35,-2.64788661,3.79618854
1.3666667,-11.5454957,3.71751158
1.3833333,-18.85204358,4.42664594
1.4,-24.00953065,5.51298615
1.4166667,-29.0711754,5.67390066
1.4333333,-31.9079303,5.05793033
1.45,-34.71093261,3.08709718
1.4666667,-36.23765374,1.43173889
1.4833333,-36.56969513,-0.2075712
1.5,-35.91998699,-2.12940775
1.5166667,-34.41216813,-3.92794182
1.5333333,-31.69829033,-5.91863187
1.55,-28.95621326,-7.08711504
1.5666667,-25.89927015,-7.94501595
1.5833333,-23.52683498,-8.29073598
1.6,-21.56823714,-7.87773928
1.6166667,-21.21231396,-5.96308981
1.6333333,-21.54800946,-3.09963521
1.65,-22.39405456,-1.53139793
1.6666667,-23.24743424,-0.63610463
1.6833333,-23.95153068,0.04090759
1.7,-24.73302964,1.17782669
1.7166667,-26.18772521,2.70269935
1.7333333,-27.25460375,5.85160552
1.75,-27.46365189,8.86913581
1.7666667,-28.78120564,11.17485731
1.7833333,-31.86663619,11.52506713
1.8,-35.82536034,9.0783698
1.8166667,-38.79163298,3.9408485
1.8333333,-38.78851823,-0.62849092
1.85,-36.08034562,-2.16504714
1.8666667,-31.02933977,-2.47393828
1.8833333,-24.65278288,-3.04509581
1.9,-18.02943472,-5.35054609
1.9166667,-13.22307777,-7.40775402
1.9333333,-11.21203504,-9.94807321
1.95,-10.72365312,-11.61622853
1.9666667,-10.81440351,-11.40591508
1.9833333,-11.00718399,-10.77157947
2.0,-11.02051596,-11.13944427
2.0166667,-10.79574577,-13.20072031
2.0333333,-9.53882085,-15.97669056
2.05,-7.94968983,-18.82771914
2.0666667,-6.16170153,-20.48210723
2.0833333,-5.17424569,-20.81200337
2.1,-5.08780821,-20.48092535
2.1166667,-5.40915855,-20.30674493
2.1333333,-6.00174053,-20.32120009
2.15,-6.36651295,-20.3026058
2.1666667,-6.7483075,-20.10858314
2.1833333,-7.75181689,-20.19858545
2.2,-9.18001598,-20.39903357
2.2166667,-11.54209455,-20.87974916
2.2333333,-14.15442905,-21.07726605
2.25,-16.26066123,-20.45675679
2.2666667,-17.5475949,-19.50451999
2.2833333,-18.27754468,-18.29273094
2.3,-18.53222564,-17.21377514
2.3166667,-18.35945426,-16.090571
2.3333333,-17.49402341,-14.93235935
2.35,-15.97278859,-12.4913167
2.3666667,-0.0659975,-9.65455279
2.3833333,5.70450129,-6.6613264
2.4,0.17886232,-4.30866305
2.4166667,-5.58106235,-3.16474005
2.4333333,-8.9967505,-2.29195472
2.45,-9.24936097,-1.72853136
2.4666667,-5.64195954,-0.23870487
2.4833333,1.00399075,2.25772785
2.5,7.50607611,5.42636139
2.5166667,11.31480565,7.03043808
2.5333333,13.05271361,6.46355303
2.55,13.79397563,4.99116984
2.5666667,14.23971217,4.10717819
2.5833333,14.00248617,4.57873697
2.6,11.4515286,5.41111948
2.6166667,4.41685744,5.43848095
2.6333333,-4.35965437,4.78668834
2.65,-12.12011644,3.70861303
2.6666667,-19.24824474,3.01681928
2.6833333,-25.44058877,3.00754006
2.7,-30.13701271,3.5163837
2.7166667,-33.43787079,3.8553488
2.7333333,-35.51195615,4.23709915
2.75,-36.59848666,4.46072097
2.7666667,-37.10791325,4.10134555
2.7833333,-36.28946599,3.09401428
2.8,-35.33425489,1.13837756
2.8166667,-33.72136495,-0.81995532
2.8333333,-31.33574031,-2.83740828
2.85,-28.29216432,-4.89409926
2.8666667,-25.09958374,-6.53662488
2.8833333,-22.21859737,-7.32964965
2.9,-20.17936286,-6.57180604
2.9166667,-19.96960469,-4.43847323
2.9333333,-20.28827277,-2.28224842
2.95,-21.08884399,-0.50496753
2.9666667,-22.13241359,-0.08508945
2.9833333,-24.03238126,0.10451214
3.0,-26.30160015,0.81427536
3.0166667,-27.55458383,3.43291335
3.0333333,-26.69310381,6.29023885
3.05,-24.97240379,9.34097541
3.0666667,-25.85784563,10.28867778
3.0833333,-29.86455191,8.49095605
3.1,-32.4639856,3.49228419
3.1166667,-33.86222349,-2.00608614
3.1333333,-32.41050625,-1.96500719
3.15,-29.9787697,-3.47771669
3.1666667,-25.69233139,-4.08677517
3.1833333,-20.4526944,-3.70610217
3.2,-15.95485209,-3.15629954
3.2166667,-13.17678446,-2.90532272
3.2333333,-11.82392257,-3.71604644
3.25,-10.97258512,-5.56257654
3.2666667,-10.08168104,-8.64108602
3.2833333,-9.24190152,-7.85822016
3.3,-8.5719886,-4.90577415
3.3166667,-8.27579885,-4.64031496
3.3333333,-8.14985085,-6.88720172
3.35,-7.96393445,-10.90045544
3.3666667,-7.25901656,-14.56581953
3.3833333,-6.73841111,-16.66854636
3.4,-6.36107915,-17.38133706
3.4166667,-6.44788237,-18.08255506
3.4333333,-6.80713117,-18.8434273
3.45,-7.27518729,-19.27026505
3.4666667,-7.50776948,-19.22555825
3.4833333,-7.67644241,-19.13279288
3.5,-8.05259841,-19.23547713
3.5166667,-8.52681718,-19.4035074
3.5333333,-9.63863095,-19.25217945
3.55,-11.48761367,-18.39893668
3.5666667,-13.9904853,-17.34933334
3.5833333,-16.36433486,-16.11413152
3.6,-17.57637343,-15.18817585
3.6166667,-17.67618893,-14.19127101
3.6333333,-16.94223774,-12.73296574
3.65,-15.32572655,-11.04284227
3.6666667,-4.05557936,-8.54126042
3.6833333,4.49150569,-6.72777023
3.7,3.26303379,-6.16196055
3.7166667,-2.28202417,-5.93678353
3.7333333,-5.91394103,-5.08443601
3.75,-6.68306743,-2.76837985
3.7666667,-3.21031898,0.03973244
3.7833333,3.35703873,2.70634075
3.8,10.15738615,4.31384311
3.8166667,14.7326833,4.91205685
3.8333333,17.19142619,4.56694387
3.85,18.26805689,3.7646907
3.8666667,17.60815986,3.30749373
3.8833333,15.04241964,3.44538107
3.9,7.43178106,3.53446036
3.9166667,-1.19281963,3.74228316
3.9333333,-8.72881481,4.63426144
3.95,-15.43049884,5.90700911
3.9666667,-21.59956687,6.99823303
3.9833333,-26.73800387,7.63937334
4.0,-30.45757652,7.40603745
4.0166667,-32.63778603,6.53175476
4.0333333,-32.74401322,4.55950766
4.05,-32.60422697,2.3644568
4.0666667,-30.64961664,-0.3586533
4.0833333,-28.53888736,-1.94321926
4.1,-25.36030226,-3.04896211
4.1166667,-21.74331409,-3.57890527
4.1333333,-19.04095812,-3.31578461
4.15,-16.98550851,-2.34238169
4.1666667,-15.40282162,-0.70686429
4.1833333,-14.6504456,-0.07379165
4.2,-15.32025142,-0.59322147
4.2166667,-18.02109504,-1.5810366
4.2333333,-20.9714581,-2.82257696
4.25,-22.97124255,-2.95770668
4.2666667,-23.52012211,-1.59329648
4.2833333,-21.03694471,2.51486889
4.3,-17.82891244,7.19417623
4.3166667,-17.22047783,9.85014102
4.3333333,-24.59912288,8.61115371
4.35,-31.51771547,7.15641742
4.3666667,-36.04298906,3.50616006
4.3833333,-36.20381916,-0.51031518
4.4,-32.82376752,-2.44747194
4.4166667,-26.81525899,-1.3101086
4.4333333,-19.92298461,0.75281945
4.45,-13.17059709,3.15887662
4.4666667,-7.87755475,3.28809069
4.4833333,-5.15739417,2.2659538
4.5,-4.62774834,0.54697513
4.5166667,-5.28172501,-1.62574839
4.5333333,-6.55789798,-5.09301864
4.55,-6.91627272,-7.31975907
4.5666667,-7.60633998,-8.3676279
4.5833333,-8.68510038,-8.88069506
4.6,-10.25357628,-9.78810468
4.6166667,-11.67970211,-11.27860397
4.6333333,-12.24777559,-12.85657549
4.65,-11.64827894,-13.90394801
4.6666667,-10.53706153,-14.23886942
4.6833333,-9.586181,-14.07623888
4.7,-9.58512941,-14.34025685
4.7166667,-9.77031907,-14.5951569
4.7333333,-10.10443601,-15.20689166
4.75,-10.60091863,-15.82636019
4.7666667,-11.29984676,-16.1575399
4.7833333,-12.36427858,-16.34954785
4.8,-13.8331921,-16.59438432
4.8166667,-15.52091413,-16.87505325
4.8333333,-16.91923093,-16.89495217
4.85,-18.65823405,-16.76812483
4.8666667,-19.50455587,-16.4344786
4.8833333,-20.19451118,-15.70339869
4.9,-19.99613861,-14.49250977
4.9166667,-19.40445128,-13.45980272
4.9333333,-17.99426171,-12.53410051
4.95,-14.94244495,-11.22548586
4.9666667,2.66232084,-9.56645704
4.9833333,9.17869032,-7.82597971
5.0,7.46636462,-6.09608701
5.0166667,5.05101886,-4.47918834
5.0333333,3.57704462,-3.72554001
5.05,3.86830279,-3.07008927
5.0666667,5.06413681,-2.32021071
5.0833333,7.59464516,-0.98114197
5.1,10.69300503,0.67049896
5.1166667,13.40979287,2.01907159
5.1333333,14.59597714,3.28160301
5.15,15.88457896,4.17792667
5.1666667,16.25217263,4.87303642
5.1833333,15.88557598,4.85384483
5.2,11.5439633,4.68119016
5.2166667,3.49111896,4.02509773
5.2333333,-4.2234388,3.92764148
5.25,-10.77396113,4.29546879
5.2666667,-16.36273305,4.49544739
5.2833333,-21.28236896,4.0424832
5.3,-25.74264194,2.7233282
5.3166667,-29.71993387,1.37884406
5.3333333,-33.12648889,0.19464759
5.35,-35.55099695,-1.32462139
5.3666667,-35.33994677,-3.43671281
5.3833333,-34.8105063,-6.18733837
5.4,-34.08701052,-8.87900545
5.4166667,-32.45433242,-11.22333377
5.4333333,-30.49444611,-12.24000473
5.45,-28.73852687,-10.87002629
5.4666667,-26.5398895,-7.47714561
5.4833333,-24.8908728,-3.76182617
5.5,-24.02458049,-2.13439537
5.5166667,-24.81709652,-1.85939776
5.5333333,-26.91760811,-2.49423091
5.55,-29.23496129,-2.97877684
5.5666667,-30.32133603,-2.42602476
5.5833333,-30.32635683,0.20660707
5.6,-29.84743911,3.94050057
5.6166667,-32.57099211,7.24737194
5.6333333,-38.19327163,7.41164667
5.65,-43.03372652,4.17876398
5.6666667,-43.95343462,-2.86153724
5.6833333,-41.23848041,-6.63239509
5.7,-35.62811971,-5.62010718
5.7166667,-29.08434991,-5.52661851
5.7333333,-22.43870102,-6.27753473
5.75,-17.31309402,-6.85901847
5.7666667,-14.52219996,-7.34430283
5.7833333,-13.92658462,-8.1939011
5.8,-14.30880262,-9.04554585
5.8166667,-15.39551122,-8.32835649
5.8333333,-16.49571396,-6.99584261
5.85,-16.48173262,-7.48826573
5.8666667,-15.2842874,-9.49472759
5.8833333,-13.5042945,-11.64549061
5.9,-11.68894879,-13.08959545
5.9166667,-10.32966839,-13.62507536
5.9333333,-9.55605155,-13.61676362
5.95,-9.219874,-13.5715502
5.9666667,-9.52178768,-13.97144912
5.9833333,-10.31492001,-14.91921844
6.0,-11.51222816,-16.24349702
6.0166667,-12.72291981,-17.22258851
6.0333333,-13.90183828,-18.01624224
6.05,-15.2040237,-17.6875254
6.0666667,-15.9925016,-17.23427103
6.0833333,-16.71402659,-16.30004919
6.1,-17.14811061,-15.64097071
6.1166667,-16.87797193,-14.91624672
6.1333333,-15.47784876,-13.71125639
6.15,-12.08713629,-11.848783
6.1666667,-4.01186071,-8.97109711
6.1833333,10.86697232,-6.44579167
6.2,13.74360042,-4.58134645
6.2166667,11.21726725,-3.83719772
6.2333333,7.18169358,-4.46498984
6.25,4.62601178,-4.84892848
6.2666667,4.77963882,-4.29423968
6.2833333,6.44149309,-3.237493
6.3,8.95078876,-2.20405558
6.3166667,11.36138484,-1.36241994
6.3333333,13.08471014,-0.30113341
6.35,14.15761337,0.95541556
6.3666667,14.52446271,2.53715426
6.3833333,13.56381183,3.98985993
6.4,11.22971431,5.19717756
6.4166667,8.59929461,5.79188922
6.4333333,1.95306132,5.89541171
6.45,-3.10010001,5.84412346
6.4666667,-7.52927202,5.74439813
6.4833333,-12.15271369,5.61589446
6.5,-16.8481434,5.3698884
6.5166667,-21.39088287,4.99135614
6.5333333,-25.7945887,4.21978846
6.55,-28.95801377,3.39735086
6.5666667,-29.32066612,1.91652991
6.5833333,-29.44725797,-0.23217774
6.6,-29.1573672,-3.22785777
6.6166667,-28.30378345,-6.74578448
6.6333333,-26.89503836,-10.19710046
6.65,-25.13641648,-12.42836937
6.6666667,-23.28046028,-12.73469965
6.6833333,-21.3021372,-11.00840658
6.7,-19.6180443,-8.28756726
6.7166667,-18.27390148,-5.63837192
6.7333333,-18.11004195,-3.94543971
6.75,-19.46031998,-3.14903718
6.7666667,-21.61012473,-3.62675007
6.7833333,-24.12844254,-3.50754116
6.8,-26.15996773,-1.65858979
6.8166667,-26.82615393,2.71515804
6.8333333,-25.9488737,7.05257627
6.85,-27.61705757,9.03955666
6.8666667,-32.65083126,7.29410354
6.8833333,-37.9705438,3.42461491
6.9,-40.35946436,-2.12968749
6.9166667,-38.32138928,-4.74383779
6.9333333,-33.0083361,-2.88408705
6.95,-26.04416219,-2.0210747
6.9666667,-18.93555476,-2.58994019
6.9833333,-13.66235493,-4.45929468
7.0,-10.54479111,-6.30551077
7.0166667,-9.42297527,-7.97566599
7.0333333,-9.4840542,-9.68341375
7.05,-9.83553448,-8.74583214
7.0666667,-10.15012219,-8.62305579
7.0833333,-9.92697708,-9.64803158
7.1,-9.39919898,-11.26464553
7.1166667,-9.0581464,-12.96705285
7.1333333,-8.89440404,-14.27355198
7.15,-9.4247141,-15.07491427
7.1666667,-10.00084962,-15.64013036
7.1833333,-10.59731774,-15.94384085
7.2,-11.3345309,-16.42022747
7.2166667,-11.98574108,-16.65313988
7.2333333,-12.91894951,-17.3686592
7.25,-13.99542079,-17.93182306
7.2666667,-15.07969783,-18.68471418
7.2833333,-16.14616932,-19.24387097
7.3,-17.17806587,-19.13818869
7.3166667,-17.83404333,-17.97237341
7.3333333,-18.15869361,-16.34820315
7.35,-17.98122101,-15.09298011
7.3666667,-17.2003342,-13.6591007
7.3833333,-15.59665751,-12.47970063
7.4,-12.36352062,-10.99895933
7.4166667,-8.68432076,-9.6550485
7.4333333,-7.54208825,-8.50146049
7.45,-1.64721041,-7.75087675
7.4666667,-0.0691803,-7.61485644
7.4833333,-0.29085127,-6.91163294
7.5,1.14284336,-5.52797084
7.5166667,3.7870904,-3.55592134
7.5333333,7.60775471,-1.0752104
7.55,11.29631581,1.2130905
7.5666667,13.90676238,2.89814438
7.5833333,15.39728227,3.67303682
7.6,16.10831637,3.86776132
7.6166667,15.76008391,4.2974687
7.6333333,13.59700083,5.41110859
7.65,8.49233389,7.00042396
7.6666667,0.77660655,8.03131545
7.6833333,-4.31327969,8.54175786
7.7,-8.78391954,8.61585726
7.7166667,-13.35695912,8.44201286
7.7333333,-18.25480507,8.09230527
7.75,-23.19291482,7.54642557
7.7666667,-27.67159083,6.91997456
7.7833333,-31.24711746,5.66612235
7.8,-32.04189707,3.07921678
7.8166667,-32.40032362,-0.29087046
7.8333333,-32.07250249,-4.74718794
7.85,-31.0264979,-8.86484297
7.8666667,-29.29946717,-11.611166
7.8833333,-26.86385177,-12.82711713
7.9,-24.26588273,-12.13149901
7.9166667,-21.99006706,-9.75291591
7.9333333,-20.74789589,-6.48706894
7.95,-20.25308665,-4.03488778
7.9666667,-20.46951512,-3.21171573
7.9833333,-21.27964942,-3.11761675
8.0,-22.33517011,-2.60035086
8.0166667,-23.51433463,-0.3891304
8.0333333,-24.19702192,3.59636401
8.05,-24.91332365,7.91218112
8.0666667,-27.70396643,10.32189099
8.0833333,-32.97022259,9.83215218
8.1,-38.21716644,6.75002144
8.1166667,-39.99551509,1.45938053
8.1333333,-38.19768965,-3.97667725
8.15,-33.38195124,-4.48131997
8.1666667,-26.63930213,-2.49876119
8.1833333,-19.40268549,-1.11380564
8.2,-13.43669283,-0.75412576
8.2166667,-10.3274598,-1.81729789
8.2333333,-8.96361391,-4.53556715
8.25,-8.64506257,-8.14530711
8.2666667,-8.53154594,-7.96455119
8.2833333,-8.85704187,-5.54568106
8.3,-9.44128087,-6.03857036
8.3166667,-9.94197662,-8.04202748
8.3333333,-10.24052955,-10.82346937
8.35,-10.25820066,-13.55962244
8.3666667,-10.11713191,-14.95719325
8.3833333,-10.370273,-15.64478471
8.4,-10.29003465,-16.08235698
8.4166667,-10.70164197,-16.5207522
8.4333333,-11.48941281,-16.91623558
8.45,-12.64522425,-17.23294358
8.4666667,-14.06623296,-17.45360665
8.4833333,-15.30298236,-17.65166537
8.5,-16.81524482,-17.81145285
8.5166667,-18.06902484,-17.95326481
8.5333333,-19.06542784,-17.95713467
8.55,-19.43602328,-17.32416226
8.5666667,-19.41147291,-16.69474638
8.5833333,-18.77432571,-14.71615968
8.6,-16.21846057,-13.24755933
8.6166667,-11.75978278,-11.55335691
8.6333333,-8.35333251,-9.93980558
8.65,-8.87847134,-8.60983042
8.6666667,-2.05887011,-8.3082344
8.6833333,-2.06146891,-8.79450444
8.7,-2.64545432,-8.39421181
8.7166667,-0.66532141,-6.94414689
8.7333333,3.00516636,-3.98352014
8.75,7.77579567,-0.23731948
8.7666667,12.1681155,3.06467888
8.7833333,14.96510676,5.42477107
8.8,16.58256465,6.46531352
8.8166667,17.24566496,7.02510249
8.8333333,16.77890383,7.88979725
8.85,15.54988225,8.38116518
8.8666667,10.88501608,7.5399446
8.8833333,2.53903228,5.69556745
8.9,-4.89745905,3.84135139
8.9166667,-11.36315251,3.47410971
8.9333333,-17.26460655,4.10542259
8.95,-22.3902172,4.92033796
8.9666667,-26.91628159,5.19957689
8.9833333,-30.56857408,4.88978793
9.0,-31.96800628,3.72537832
9.0166667,-31.91930563,1.85007489
9.0333333,-31.81773507,-1.48981102
9.05,-31.68053946,-5.3007669
9.0666667,-30.69475776,-9.70997842
9.0833333,-28.83739633,-13.32656659
9.1,-26.54965835,-15.2931986
9.1166667,-24.36971538,-14.64536108
9.1333333,-22.67789776,-11.92071203
9.15,-21.23335646,-7.93871905
9.1666667,-20.17997507,-5.23549889
9.1833333,-20.43348243,-4.06112172
9.2,-21.55115891,-4.01615373
9.2166667,-22.80933001,-4.26697763
9.2333333,-23.58260208,-3.32658409
9.25,-23.84987921,-0.36526964
9.2666667,-23.1459491,4.25166502
9.2833333,-23.21155878,8.13278972
9.3,-25.87342353,9.42937659
9.3166667,-30.47850026,8.53048034
9.3333333,-34.1533246,6.37190149
9.35,-34.96633038,3.1803046
9.3666667,-33.05749485,0.78697968
9.3833333,-29.17397518,0.78787463
9.4,-24.14278578,1.21778666
9.4166667,-18.13518709,1.43548648
9.4333333,-12.57349011,0.70198063
9.45,-8.88265234,-0.92053263
9.4666667,-7.16244708,-2.32734219
9.4833333,-6.66041902,-3.90021367
9.5,-6.39101382,-5.06106368
9.5166667,-5.73739497,-3.8989554
9.5333333,-5.08877922,-3.3060831
9.55,-4.83071074,-4.52155662
9.5666667,-4.71506217,-6.89677698
9.5833333,-4.71638632,-9.85988626
9.6,-4.39457694,-12.37600944
9.6166667,-4.44407086,-13.51742334
9.6333333,-4.67892981,-13.95481883
9.65,-5.00448874,-14.3277227
9.6666667,-5.55212434,-14.90538715
9.6833333,-6.13180241,-15.28662451
9.7,-6.88182684,-15.43516188
9.7166667,-8.35744068,-15.90005401
9.7333333,-10.38325945,-16.45538684
9.75,-12.5959961,-16.94354632
9.7666667,-14.86903419,-17.36282146
9.7833333,-16.40960412,-17.41039107
9.8,-17.23302143,-16.97905974
9.8166667,-17.72853957,-16.19036038
9.8333333,-17.80860497,-15.40351792
9.85,-17.51634898,-14.62443231
9.8666667,-15.50302128,-14.05033836
9.8833333,-11.91509906,-12.68431581
9.9,-0.50726752,-10.99609134
9.9166667,8.2332221,-9.87700792
9.9333333,6.04950713,-9.34200553
9.95,1.808986,-9.21839852
9.9666667,-0.70547673,-8.05777333
9.9833333,-0.24820239,-5.94729473
10.0,2.23766244,-3.22781111
10.0166667,6.32374011,-0.20776211
10.0333333,11.04629463,2.35723348
10.05,14.59341964,4.11438498
10.0666667,16.81514385,4.94755313
10.0833333,17.75855371,4.86263692
10.1,17.85483226,4.32792656
10.1166667,16.89686995,3.61862989
10.1333333,11.108819,3.14618908
10.15,1.29335307,2.7203294
10.1666667,-6.54201425,2.99339788
10.1833333,-12.7204636,3.50372486
10.2,-17.88639572,3.65742789
10.2166667,-22.50269698,3.10120715
10.2333333,-26.58483815,1.77113121
10.25,-29.96233411,0.88510298
10.2666667,-32.23900572,-0.49908318
10.2833333,-33.29751694,-2.69906376
10.3,-33.25989362,-5.72871871
10.3166667,-31.87611465,-8.44498647
10.3333333,-28.99145208,-10.34531847
10.35,-24.87707187,-10.84365864
10.3666667,-21.51605223,-9.25428418
10.3833333,-19.53287132,-6.67823608
10.4,-17.76692953,-4.5374171
10.4166667,-17.81881443,-3.35170728
10.4333333,-19.64366242,-2.93094006
10.45,-20.84194409,-2.80915767
10.4666667,-22.69650507,-2.21404047
10.4833333,-25.09247407,-0.83831201
10.5,-26.19920783,3.08071748
10.5166667,-25.68326605,7.37922037
10.5333333,-25.46294857,10.08935113
10.55,-28.47352953,9.99078244
10.5666667,-34.14017165,6.69291529
10.5833333,-38.09021266,0.83965101
10.6,-38.06703051,-5.32758829
10.6166667,-34.22137461,-4.28156353
10.6333333,-27.90044452,-3.80928268
10.65,-20.7597958,-4.21107502
10.6666667,-14.46494048,-4.32932343
10.6833333,-10.77439873,-5.66819
10.7,-9.5235709,-6.69978656
10.7166667,-9.8439521,-7.99948366
10.7333333,-10.21412789,-7.64897209
10.75,-10.50024744,-7.12588109
10.7666667,-10.75971221,-6.07353794
10.7833333,-11.05126278,-6.76144591
10.8,-11.50862951,-9.51335043
10.8166667,-11.700918,-13.5838657
10.8333333,-11.25644397,-17.22032323
10.85,-10.52416276,-18.67618623
10.8666667,-9.74886194,-18.57799372
10.8833333,-9.18199946,-18.07810181
10.9,-8.82774069,-17.33449996
10.9166667,-8.95654286,-16.87615514
10.9333333,-9.57619791,-16.57233919
10.95,-10.83894184,-17.10640214
10.9666667,-12.20297089,-17.90272775
10.9833333,-13.91081054,-18.15632223
11.0,-15.49873769,-18.06440781
11.0166667,-16.87781266,-17.82440788
11.0333333,-17.52299913,-17.49522816
11.05,-17.9808381,-17.09511987
11.0666667,-18.00681109,-16.58320582
11.0833333,-16.77047709,-15.83543195
11.1,-13.1600018,-14.5253581
11.1166667,-6.63930473,-11.9663695
11.1333333,13.89829608,-8.52424513
11.15,16.20429598,-6.28774394
11.1666667,10.34420546,-4.94173875
11.1833333,4.66153042,-4.43658645
11.2,2.20373853,-3.51866045
11.2166667,2.76721197,-2.25521573
11.2333333,5.35267427,-0.11668566
11.25,8.84916338,1.61059405
11.2666667,12.20898579,2.47099729
11.2833333,14.85020364,2.59754124
11.3,16.53682309,2.11754205
11.3166667,17.25955633,1.69623461
11.3333333,16.87007466,1.87857422
11.35,13.7450975,2.47353044
11.3666667,6.49539227,2.90448643
11.3833333,-2.27844171,2.58154467
11.4,-9.22340769,1.32479411
11.4166667,-15.02698992,0.0323589
11.4333333,-20.29869407,0.12290093
11.45,-24.81011777,1.79515111
11.4666667,-28.5985507,3.73139687
11.4833333,-30.96098338,4.6184299
11.5,-31.34473176,3.89794997
11.5166667,-32.00685169,2.22260097
11.5333333,-32.13636562,0.01896624
11.55,-32.1017925,-3.08708591
11.5666667,-31.44122072,-5.91846587
11.5833333,-29.5855027,-8.57994998
11.6,-27.01089278,-10.31715281
11.6166667,-24.61965239,-10.6433527
11.6333333,-22.71305007,-9.45655458
11.65,-21.10595621,-6.78073358
11.6666667,-19.84062587,-4.4679033
11.6833333,-18.92058746,-3.27472654
11.7,-19.57510154,-3.07905117
11.7166667,-21.03748062,-3.00487162
11.7333333,-22.76277129,-1.87413349
11.75,-24.25189555,1.03900343
11.7666667,-24.82474286,5.22248972
11.7833333,-24.86308551,8.71785012
11.8,-26.29213588,10.89473888
11.8166667,-29.98068236,10.87056776
11.8333333,-34.10227216,8.91560242
11.85,-36.33349123,4.59248412
11.8666667,-35.01800863,-0.00698559
11.8833333,-30.90026115,0.09112083
11.9,-25.82587134,-0.97941953
11.9166667,-20.18650856,-4.06236788
11.9333333,-16.01681783,-4.84954349
11.95,-13.99298487,-6.0859495
11.9666667,-12.88347797,-8.1777269
11.9833333,-11.63931609,-9.53373874
12.0,-10.17728762,-7.91986449
12.0166667,-9.43417606,-6.72499366
12.0333333,-9.18543614,-7.03484997
12.05,-8.98556268,-9.06558577
12.0666667,-8.62156823,-11.32984256
12.0833333,-8.24908464,-13.15268691
12.1,-8.56162334,-14.33073883
12.1166667,-9.05701405,-15.71651905
12.1333333,-9.92589986,-16.69788344
12.15,-10.93869348,-17.17208446
12.1666667,-12.24514054,-17.47397663
12.1833333,-13.40098504,-17.69107717
12.2,-14.66797508,-17.9122612
12.2166667,-15.69219665,-18.13284136
12.2333333,-16.61709856,-18.43539954
12.25,-17.53372636,-18.24646585
12.2666667,-18.63840454,-17.64539251
12.2833333,-19.34303655,-16.83742773
12.3,-19.39485903,-15.83896269
12.3166667,-18.61379009,-14.47202303
12.3333333,-16.79529385,-13.09312743
12.35,-14.19575232,-11.68997441
12.3666667,-13.69361805,-10.07241358
12.3833333,-2.36634228,-8.92549153
12.4,-2.61338824,-7.94002563
12.4166667,-6.23022368,-6.83455661
12.4333333,-8.47589783,-4.84934632
12.45,-7.62716975,-2.30411731
12.4666667,-3.35307847,0.21583248
12.4833333,2.77410038,1.79780441
12.5,8.43363471,2.50063386
12.5166667,12.49057005,2.80597463
12.5333333,15.24385875,3.11652499
12.55,16.72069704,3.56977747
12.5666667,16.77206631,3.70201617
12.5833333,13.30276009,3.43480317
12.6,4.00600142,3.04150593
12.6166667,-6.208725,3.08874468
12.6333333,-14.34626264,4.2896192
12.65,-20.71999845,5.73261304
12.6666667,-25.95348956,6.06384429
12.6833333,-30.00715347,5.55047072
12.7,-32.88206793,4.42038991
12.7166667,-34.79784085,3.06974909
12.7333333,-35.15407795,1.10464443
12.75,-34.60816972,-1.44399882
12.7666667,-32.82707722,-3.75691071
12.7833333,-30.082058,-5.70625436
12.8,-27.01230085,-7.1362433
12.8166667,-24.49124663,-7.78160668
12.8333333,-21.49922512,-6.79084585
12.85,-20.25233759,-4.35295562
12.8666667,-18.9996236,-2.11937292
12.8833333,-19.35804154,-1.47505136
12.9,-21.52830758,-2.11382585
12.9166667,-23.96116798,-2.74447279
12.9333333,-25.82819549,-1.95856962
12.95,-25.7504335,1.04041688
12.9666667,-25.17680082,5.49425363
12.9833333,-25.16535672,8.52779392
13.0,-28.99913569,9.45117431
13.0166667,-34.18383464,6.95420623
13.0333333,-36.66619713,1.65383056
13.05,-36.16974287,-2.85227128
13.0666667,-33.14811809,-2.34140046
13.0833333,-28.18430743,-2.2615522
13.1,-22.24833568,-2.95402682
13.1166667,-16.71635751,-3.61942371
13.1333333,-12.52469705,-4.4626954
13.15,-10.72466418,-5.5144296
13.1666667,-10.46626401,-7.60618063
13.1833333,-10.58095101,-9.30640366
13.2,-10.94808825,-6.56825493
13.2166667,-11.23973125,-5.82467046
13.2333333,-11.34823573,-8.01883879
13.25,-11.2221149,-11.41110561
13.2666667,-10.49411955,-13.9753078
13.2833333,-10.22428285,-15.35376573
13.3,-10.21368721,-15.56375246
13.3166667,-10.66989447,-16.01657124
13.3333333,-11.5758217,-17.01772653
13.35,-12.52915163,-18.10673675
13.3666667,-13.27520035,-18.8090186
13.3833333,-13.88508923,-19.15159947
13.4,-14.58931764,-18.99968008
13.4166667,-15.57525145,-19.36536826
13.4333333,-17.36926215,-19.39353462
13.45,-19.23414221,-19.20563456
13.4666667,-20.52499709,-18.59463556
13.4833333,-20.59507181,-18.37908674
13.5,-19.98506644,-17.94664271
13.5166667,-18.56981098,-17.57657531
13.5333333,-16.29615986,-16.23716837
13.55,-15.03045597,-13.34371724
13.5666667,6.97310657,-9.48689109
13.5833333,1.84789182,-7.20673743
13.6,-9.67237705,-6.37235224
13.6166667,-15.47381213,-6.47685948
13.6333333,-16.20328435,-5.31636361
13.65,-13.59540801,-3.36426872
13.6666667,-8.32065987,-0.68540881
13.6833333,-1.51400095,1.50389988
13.7,5.08157752,3.05031764
13.7166667,9.77234623,3.623976
13.7333333,12.82133973,3.85354386
13.75,14.65994213,3.62684285
13.7666667,14.90778343,3.57697208
13.7833333,13.79734209,4.39237478
13.8,12.00158651,5.74275781
13.8166667,8.83526309,7.16540427
13.8333333,3.45817583,8.04817162
13.85,-2.26152288,7.85121441
13.8666667,-7.59620718,6.50469642
13.8833333,-12.64134287,5.27256664
13.9,-17.72569188,4.83905067
13.9166667,-22.61918808,4.51911514
13.9333333,-26.737509,3.50488108
13.95,-29.87894731,2.04245054
13.9666667,-31.9384361,0.74597774
13.9833333,-32.35928268,-0.27413929
14.0,-31.50830158,-1.22646293
14.0166667,-30.84589045,-2.86011948
14.0333333,-30.38132217,-5.61543351
14.05,-29.99753981,-9.18855287
14.0666667,-29.13194867,-11.9823238
14.0833333,-27.59636372,-13.39152222
14.1,-25.57573773,-13.21315182
14.1166667,-23.4573933,-11.4442923
14.1333333,-21.48891324,-8.36892527
14.15,-20.24488858,-5.23053292
14.1666667,-20.35334818,-3.70916369
14.1833333,-21.50900991,-2.94487825
14.2,-23.71731767,-2.45521922
14.2166667,-25.63565787,-0.65073572
14.2333333,-26.518326,3.0868432
14.25,-26.46853324,6.66532025
14.2666667,-27.53733449,9.46713748
14.2833333,-30.36136352,9.90469481
14.3,-33.49401505,7.84777002
14.3166667,-34.74376999,4.17981972
14.3333333,-34.03778228,-0.58404364
14.35,-31.2454548,-2.36362593
14.3666667,-26.68380728,-5.5703555
14.3833333,-21.61940911,-6.63454479
14.4,-16.96699309,-7.39167124
14.4166667,-13.78926727,-8.68748427
14.4333333,-11.94088466,-10.16347141
14.45,-10.74548397,-10.46817738
14.4666667,-10.19982677,-8.86869271
14.4833333,-10.06919141,-8.49231641
14.5,-9.80149154,-9.91043414
14.5166667,-9.2452651,-12.16388827
14.5333333,-8.47495707,-14.64180127
14.55,-7.63437379,-16.55546561
14.5666667,-6.85176876,-17.67658516
14.5833333,-6.26772941,-17.60943719
14.6,-6.12964748,-17.12904964
14.6166667,-6.35929015,-16.88917008
14.6333333,-6.75586961,-16.89883491
14.65,-7.41317666,-17.24373148
14.6666667,-8.02194397,-17.64911868
14.6833333,-9.25211205,-17.99785341
14.7,-10.89969431,-17.89350247
14.7166667,-13.07719141,-17.6386875
14.7333333,-14.89249003,-17.17178904
14.75,-15.7184426,-16.34548964
14.7666667,-15.88393778,-15.09163183
14.7833333,-14.85122608,-13.39163559
14.8,-12.74549569,-11.35386794
14.8166667,-1.41250174,-8.98116639
14.8333333,5.54667066,-7.58650604
14.85,-0.70578852,-7.80415775
14.8666667,-7.92058458,-8.23836084
14.8833333,-11.8515099,-8.16082485
14.9,-11.65896966,-6.55373121
14.9166667,-7.9456523,-4.41606418
14.9333333,-1.00239559,-2.53867269
14.95,6.89699576,-1.0916941
14.9666667,13.13955694,0.70872925
14.9833333,17.11582278,2.86410348
15.0,18.67487892,4.429727
15.0166667,18.63616099,4.690876
15.0333333,16.35520367,4.07241145
15.05,10.09644335,3.36627299
15.0666667,0.66599621,3.3752582
15.0833333,-7.02023346,4.11474094
15.1,-13.49213761,5.0132298
15.1166667,-19.35842602,5.45904026
15.1333333,-24.51972316,5.3917484
15.15,-28.64519726,4.78845752
15.1666667,-31.34020727,3.66583354
15.1833333,-32.78096653,2.3027553
15.2,-32.95459525,0.72998087
15.2166667,-32.24606686,-0.97057115
15.2333333,-30.7470352,-2.70204649
15.25,-28.35582538,-4.24624591
15.2666667,-25.685746,-5.71103027
15.2833333,-24.01744886,-5.55825152
15.3,-21.67031549,-4.06023044
15.3166667,-20.30300294,-2.27960044
15.3333333,-20.36582877,-1.62900996
15.35,-21.08631892,-2.31829796
15.3666667,-22.87985642,-2.84954442
15.3833333,-25.42574129,-2.40400762
15.4,-27.43088779,-0.16596209
15.4166667,-28.264645,3.05061816
15.4333333,-29.30726682,6.48015865
15.45,-31.47075239,8.23673738
15.4666667,-34.79418278,6.8209223
15.4833333,-36.46477106,3.12857885
15.5,-36.11249662,-1.86725712
15.5166667,-33.30181617,-3.60947172
15.5333333,-28.78639705,-2.99478403
15.55,-23.11892282,-1.79195822
15.5666667,-16.46982158,-1.37751361
15.5833333,-10.91588116,-1.49479039
15.6,-7.54594678,-3.50714478
15.6166667,-6.30873072,-4.78035178
15.6333333,-6.20113658,-6.02394328
15.65,-6.21399423,-4.62803317
15.6666667,-6.53942844,-4.48760406
15.6833333,-7.20321705,-6.79426906
15.7,-7.71788921,-11.20431676
15.7166667,-7.52127968,-15.43470485
15.7333333,-6.80819285,-18.26028685
15.75,-5.71458484,-18.78791072
15.7666667,-4.70055578,-18.33800142
15.7833333,-3.97994028,-17.43593471
15.8,-3.95454792,-16.89718786
15.8166667,-4.41345189,-16.77425204
15.8333333,-5.40124087,-17.17997035
15.85,-6.64408373,-17.89398581
15.8666667,-7.38216308,-18.2607935
15.8833333,-8.16803953,-18.02422737
15.9,-9.34082994,-17.52209228
15.9166667,-11.06766073,-16.4715886
15.9333333,-12.53821005,-15.62307255
15.95,-13.90584552,-15.28200425
15.9666667,-14.54277655,-14.4257755
15.9833333,-15.05900191,-13.52678595
16.0,-14.75872654,-11.38066549
16.0166667,1.2503314,-9.00816983
16.0333333,3.61979672,-7.14684068
16.05,-4.5769887,-5.5948611
16.0666667,-10.45854467,-4.76646082
16.0833333,-11.561138,-3.77954552
16.1,-8.21620579,-2.70217414
16.1166667,-1.70690028,-0.91567359
16.1333333,6.42971611,1.48091533
16.15,12.79695594,3.99814631
16.1666667,16.53349924,5.87009716
16.1833333,18.29180098,6.86421268
16.2,18.96437107,7.11655604
16.2166667,18.73089113,6.87170699
16.2333333,16.67149513,5.91564978
16.25,10.5751193,4.13133393
16.2666667,0.55040196,1.9849565
16.2833333,-8.25015068,1.14581689
16.3,-15.3887215,2.15928102
16.3166667,-21.66824611,4.10922181
16.3333333,-26.709068,5.45080616
16.35,-30.6859398,5.72580092
16.3666667,-33.25376187,4.82070424
16.3833333,-34.77224855,3.17963702
16.4,-34.24696851,0.77220719
16.4166667,-33.25835535,-1.98632762
16.4333333,-31.39292444,-4.84734629
16.45,-28.94784448,-7.37659088
16.4666667,-26.37940847,-9.57739585
16.4833333,-23.72441698,-10.31610459
16.5,-21.59796468,-10.32502809
16.5166667,-19.59381739,-8.99695604
16.5333333,-18.54433046,-6.8544518
16.55,-18.33472582,-4.74187151
16.5666667,-19.37631683,-3.77870737
16.5833333,-21.28900905,-3.28269553
16.6,-23.14600413,-2.5127097
16.6166667,-24.75342002,-0.49504651
16.6333333,-25.41348443,2.74886238
16.65,-25.93444891,6.42096413
16.6666667,-27.59289506,7.379724
16.6833333,-30.33179572,8.28695556
16.7,-31.7420742,7.38367905
16.7166667,-30.81537494,5.50485018
16.7333333,-28.2224473,4.14867632
16.75,-24.62154474,3.21781331
16.7666667,-20.62384084,2.25659514
16.7833333,-16.24057437,0.53629941
16.8,-12.18688081,-1.47560847
16.8166667,-9.63167531,-4.65889122
16.8333333,-7.87334708,-6.6419183
16.85,-6.71737598,-7.4705243
16.8666667,-5.77716316,-4.8463405
16.8833333,-5.18922058,-2.73133338
16.9,-5.03719184,-3.50488316
16.9166667,-4.84175643,-6.69150372
16.9333333,-4.40795212,-10.42646494
16.95,-3.9820655,-13.2004876
16.9666667,-3.74909994,-14.75266418
16.9833333,-3.63074138,-15.5767631
17.0,-3.69135644,-16.0036538
17.0166667,-4.24479962,-16.3661166
17.0333333,-5.23947415,-16.73121752
17.05,-6.50235842,-17.40973026
17.0666667,-7.82055937,-18.23392926
17.0833333,-8.89299836,-18.81454156
17.1,-10.35035948,-19.42428808
17.1166667,-12.23423723,-19.91333195
17.1333333,-14.88950705,-19.68543166
17.15,-16.90652934,-18.98893802
17.1666667,-18.08840726,-17.98480561
17.1833333,-18.56382197,-16.52918988
17.2,-18.30072593,-14.93566695
17.2166667,-17.4391456,-13.08099861
17.2333333,-15.82236703,-11.0655081
17.25,-4.13558107,-9.08892445
17.2666667,-0.70257324,-8.18895963
17.2833333,-6.77295819,-7.39600744
17.3,-11.9644065,-5.12698456
17.3166667,-12.99162625,-2.29528683
17.3333333,-8.91592886,0.21904681
17.35,-1.22625689,2.10253116
17.3666667,6.67755135,3.62383233
17.3833333,12.48208355,4.73537962
17.4,16.25436524,5.00019953
17.4166667,18.44135597,4.60820639
17.4333333,18.72450813,3.78209981
17.45,17.20166565,3.01221272
17.4666667,11.8821989,2.86704831
17.4833333,2.91148698,2.73533713
17.5,-5.96393055,2.96925311
17.5166667,-13.68034593,3.63725181
17.5333333,-20.62361181,4.55257628
17.55,-26.11745778,5.61212178
17.5666667,-30.58848311,5.62280488
17.5833333,-33.89191453,5.24566788
17.6,-36.2574104,4.4783422
17.6166667,-37.64311239,3.56988054
17.6333333,-37.77649498,2.48167541
17.65,-36.59761599,0.93638675
17.6666667,-34.35010902,-0.72095333
17.6833333,-31.05746354,-2.5367568
17.7,-27.91424256,-5.01191434
17.7166667,-23.85945875,-7.05889662
17.7333333,-21.06195777,-8.67739493
17.75,-19.77304819,-8.8530927
17.7666667,-18.76765714,-7.35239903
17.7833333,-17.12961993,-5.39974517
17.8,-17.5444224,-4.71149999
17.8166667,-19.7353277,-4.80513849
17.8333333,-22.48601345,-4.66787869
17.85,-24.57909792,-3.93463015
17.8666667,-26.25386911,-1.77478608
17.8833333,-27.33362943,0.89607895
